date,new_confirmed,cumulative_confirmed,new_deceased,cumulative_deceased,new_persons_vaccinated,cumulative_persons_fully_vaccinated,new_hospitalized_patients,cumulative_hospitalized_patients,new_recovered,cumulative_recovered,cumulative_tested,investment_in_vaccines,new_recovered_1,cumulative_recovered_1,current_hospitalized_patients
3/7/2021,180,186922,12,3808,8089,294681,10,13252,1554,156554,2783542,0,1554,156554,169
3/7/2021,895,490011,4,6550,37116,564791,2,25978,885,476055,7111428,,885,476055,224
3/7/2021,260,297581,3,6808,17959,269236,0,9162,0,278162,1756955,,0,278162,419
3/7/2021,709,387319,14,7955,26209,602926,79,35651,0,9703,8097590,,0,9703,818
3/7/2021,211,113589,2,1900,5215,111664,13,6705,160,109531,701924,,160,109531,72
3/7/2021,159,45794,2,706,831,135179,4,1570,2,12840,1660180,,2,12840,67
3/7/2021,377,621654,4,7106,29577,627022,25,26457,561,553203,7080595,0,561,553203,249
3/7/2021,104,172931,3,1879,6564,166775,5,7184,209,96017,645838,,209,96017,150
3/7/2021,525,410709,13,4819,26933,430613,6,19457,14,48145,3975672,,14,48145,558
3/7/2021,408,499819,-1,10148,6572,406723,0,45976,0,295690,2323788,0,0,295690,494
3/7/2021,72,100914,0,1381,6413,120103,1,4630,142,97943,1104488,,142,97943,63
3/7/2021,1408,525865,35,8754,27576,488020,66,20725,0,218863,5183044,0,0,218863,579
3/7/2021,373,203026,0,2113,11452,194104,8,6237,319,157144,2421684,,319,157144,137
3/7/2021,0,54764,0,682,377,64499,0,1391,0,53550,649293,,0,53550,21
3/7/2021,1425,591356,43,16417,39500,663148,0,19713,0,508745,16825551,,0,508745,665
3/7/2021,165,324818,22,5319,12022,274376,11,14926,336,315517,2736442,,336,315517,335
3/7/2021,412,374850,1,1976,423,212699,24,14891,709,358958,2910121,0,709,358958,212
3/7/2021,34,100391,0,1478,5985,90596,2,3880,86,98326,1425146,,86,98326,23
3/7/2021,166,76861,3,1184,8614,117145,4,1131,288,73615,1497185,,288,73615,68
3/7/2021,461,428997,0,4534,21147,458310,55,24332,553,412177,3575297,,553,412177,346
3/7/2021,0,782206,0,11543,26421,564759,0,18870,0,756793,6872745,0,0,756793,851
3/7/2021,735,978471,0,17656,57811,1103680,33,50881,1669,925655,10257157,,1669,925655,820
3/6/2021,149,113378,2,1898,7338,108295,11,6692,134,109371,700649,,134,109371,74
3/6/2021,273,76695,3,1181,8286,114351,1,1127,323,73327,1481488,,323,73327,90
3/6/2021,0,54764,0,682,5639,64192,0,1391,0,53550,649293,,0,53550,21
3/6/2021,1312,782206,9,11543,25048,538193,33,18870,1319,756793,6872745,0,1319,756793,879
3/6/2021,576,297321,22,6805,17374,259941,0,9162,0,278162,1756695,,0,278162,419
3/6/2021,1199,524457,20,8719,23285,454186,54,20659,-11930,218863,5155780,0,-11930,218863,623
3/6/2021,282,186742,9,3796,17918,288529,13,13242,1624,155000,2771840,0,1624,155000,148
3/6/2021,79,100357,0,1478,6055,88541,3,3878,76,98240,1424467,,76,98240,21
3/6/2021,932,386610,11,7941,37820,589659,194,35572,2,9703,8064462,,2,9703,830
3/6/2021,1506,977736,0,17656,69296,1059485,66,50848,2279,923986,10227868,,2279,923986,922
3/6/2021,946,489116,12,6546,42522,547744,38,25976,995,475170,7086059,,995,475170,224
3/6/2021,327,324653,14,5297,12486,265226,12,14915,449,315181,2733062,,449,315181,345
3/6/2021,343,202653,1,2113,509,185677,3,6229,315,156825,2421683,,315,156825,136
3/6/2021,614,621277,8,7102,39073,607958,45,26432,331,552642,7061402,0,331,552642,260
3/6/2021,240,172827,0,1876,7436,159634,15,7179,284,95808,645442,,284,95808,150
3/6/2021,978,428536,0,4534,20713,447602,120,24277,846,411624,3574836,,846,411624,346
3/6/2021,839,410184,52,4806,31032,413054,71,19451,93,48131,3975672,,93,48131,591
3/6/2021,1722,589931,52,16374,44780,636626,0,19713,0,508745,16728973,,0,508745,687
3/6/2021,183,45635,0,704,9721,134846,6,1566,5,12838,1652690,,5,12838,74
3/6/2021,524,499411,27,10149,16936,402061,0,45976,0,295690,2321441,0,0,295690,526
3/6/2021,186,100842,2,1381,5401,113545,19,4629,260,97801,1101356,,260,97801,63
3/6/2021,570,374438,5,1975,25810,212046,26,14867,937,358249,2903293,0,937,358249,216
3/5/2021,1445,780894,33,11534,24711,523776,58,18837,1009,755474,6856581,0,1009,755474,939
3/5/2021,905,409345,22,4754,30347,397436,16,19380,46,48038,3969899,,46,48038,606
3/5/2021,125,100656,4,1379,5762,107265,2,4610,42,97541,1096913,,42,97541,67
3/5/2021,337,202310,20,2112,12013,185032,69,6226,462,156510,2411545,,462,156510,143
3/5/2021,164,113229,0,1896,4927,105267,17,6681,124,109237,698456,,124,109237,74
3/5/2021,811,498887,28,10122,15382,383078,169,45976,0,295690,2316127,0,0,295690,526
3/5/2021,1899,588209,26,16322,37501,605400,0,19713,0,508745,16628614,,0,508745,716
3/5/2021,1750,976230,467,17656,44970,1021509,87,50782,2411,921707,10187678,,2411,921707,919
3/5/2021,796,488170,13,6534,29942,523861,42,25938,447,474175,7058033,,447,474175,224
3/5/2021,225,45452,-1,704,28221,128080,11,1560,6,12833,1644587,,6,12833,74
3/5/2021,1160,373868,15,1970,33629,206656,58,14841,2279,357312,2895082,0,2279,357312,238
3/5/2021,1695,523258,39,8699,16024,425519,63,20605,0,230793,5126807,0,0,230793,664
3/5/2021,244,76422,0,1178,6166,109525,-1,1126,195,73004,1481488,,195,73004,90
3/5/2021,913,385678,8,7930,33290,568160,74,35378,10,9701,8024078,,10,9701,849
3/5/2021,721,620663,12,7094,35097,583220,57,26387,426,552311,7037081,0,426,552311,260
3/5/2021,79,54764,0,682,1458,59185,2,1391,69,53550,649293,,69,53550,21
3/5/2021,304,186460,18,3787,13915,272879,14,13229,1668,153376,2757994,0,1668,153376,183
3/5/2021,917,427558,0,4534,21508,435582,54,24157,1050,410778,3562618,,1050,410778,366
3/5/2021,570,324326,10,5283,12026,257367,27,14903,525,314732,2728103,,525,314732,359
3/5/2021,591,296745,19,6783,14370,251916,0,9162,0,278162,1756119,,0,278162,445
3/5/2021,299,172587,0,1876,7423,152239,20,7164,302,95524,644796,,302,95524,139
3/5/2021,94,100278,0,1478,4980,86601,0,3875,93,98164,1422537,,93,98164,22
3/4/2021,403,323756,12,5273,10244,249956,50,14876,408,314207,2719229,,408,314207,397
3/4/2021,0,372708,0,1955,247,197103,0,14783,0,355033,2886369,0,0,355033,247
3/4/2021,232,113065,3,1896,3999,100474,10,6664,166,109113,696656,,166,109113,87
3/4/2021,1567,521563,40,8660,15880,412007,41,20542,0,230793,5099813,0,0,230793,734
3/4/2021,1514,779449,42,11501,22054,501995,37,18779,1499,754465,6834882,0,1499,754465,970
3/4/2021,940,487374,14,6521,20559,503513,33,25896,476,473728,7023826,,476,473728,229
3/4/2021,895,426641,0,4534,18566,426191,39,24103,765,409728,3553402,,765,409728,404
3/4/2021,365,201973,1,2092,8776,175405,10,6157,115,156048,2403686,,115,156048,151
3/4/2021,69,54685,0,682,99,57249,1,1389,106,53481,646179,,106,53481,23
3/4/2021,855,619942,13,7082,22904,558736,51,26330,556,551885,7008539,0,556,551885,262
3/4/2021,452,172288,5,1876,4394,145396,13,7144,286,95222,643358,,286,95222,139
3/4/2021,117,100184,0,1478,2669,82964,4,3875,57,98071,1419620,,57,98071,22
3/4/2021,136,45227,0,705,205,109024,4,1549,7,12827,1633308,,7,12827,69
3/4/2021,922,498076,65,10094,13981,365456,84,45807,0,295690,2311207,0,0,295690,544
3/4/2021,809,384765,3,7922,27129,550801,81,35304,6,9691,7982350,,6,9691,856
3/4/2021,180,100531,2,1375,4773,101700,8,4608,172,97499,1091522,,172,97499,73
3/4/2021,1067,408440,28,4732,21907,382469,60,19364,65,47992,3954639,,65,47992,645
3/4/2021,188,76178,3,1178,7504,106637,4,1127,209,72809,1474441,,209,72809,92
3/4/2021,258,186156,16,3769,4219,264446,25,13215,1540,151708,2738734,0,1540,151708,177
3/4/2021,1875,974480,0,17189,35101,999780,82,50695,2704,919296,10144547,,2704,919296,1009
3/4/2021,1567,586310,44,16296,35177,578386,0,19713,14005,508745,16522351,,14005,508745,741
3/4/2021,479,296154,21,6764,10739,241445,0,9162,0,278162,1755528,,0,278162,448
3/3/2021,262,201608,7,2091,6534,168026,7,6147,221,155933,2392401,,221,155933,150
3/3/2021,110,100067,1,1478,1144,80709,-3,3871,80,98014,1416045,,80,98014,20
3/3/2021,747,425746,0,4534,12819,411725,65,24064,1029,408963,3542049,,1029,408963,427
3/3/2021,780,619087,19,7069,17603,539106,57,26279,599,551329,6970553,0,599,551329,267
3/3/2021,89,54616,0,682,3482,57093,3,1388,36,53375,643476,,36,53375,24
3/3/2021,1173,519996,44,8620,9031,377722,73,20501,0,230793,5078144,0,0,230793,706
3/3/2021,786,383956,14,7919,42199,534605,71,35223,8,9685,7948627,,8,9685,863
3/3/2021,1598,777935,23,11459,31469,487741,63,18742,1190,752966,6817121,0,1190,752966,1033
3/3/2021,2022,972605,0,17189,38784,975219,110,50613,1699,916592,10101222,,1699,916592,1081
3/3/2021,729,372708,6,1955,16150,196772,30,14783,1296,355033,2876176,0,1296,355033,247
3/3/2021,2733,497154,38,10029,11623,346841,24,45723,10560,295690,2305317,0,10560,295690,559
3/3/2021,374,171836,4,1871,4472,140583,20,7131,229,94936,641917,,229,94936,121
3/3/2021,380,295675,19,6743,10667,232494,0,9162,0,278162,1755049,,0,278162,469
3/3/2021,187,75990,5,1175,6832,103470,4,1123,241,72600,1467389,,241,72600,89
3/3/2021,181,112833,5,1893,3272,97334,14,6654,158,108947,694883,,158,108947,97
3/3/2021,193,100351,1,1373,3146,97027,9,4600,128,97327,1086548,,128,97327,67
3/3/2021,779,486434,17,6507,22004,488337,37,25863,782,473252,6960999,,782,473252,243
3/3/2021,1899,584743,70,16252,27788,557064,269,19713,0,494740,16419989,,0,494740,755
3/3/2021,147,45091,2,705,197,108974,9,1545,9,12820,1622215,,9,12820,67
3/3/2021,356,185898,13,3753,8461,260535,42,13190,1527,150168,2720382,0,1527,150168,195
3/3/2021,1172,407373,33,4704,13160,369729,70,19304,140,47927,3940366,,140,47927,680
3/3/2021,404,323353,7,5261,10505,242999,31,14826,373,313799,2709946,,373,313799,397
3/2/2021,607,618307,36,7050,12946,525277,64,26222,450,550730,6938594,0,450,550730,275
3/2/2021,215,75803,0,1170,4909,101109,1,1119,304,72359,1465475,,304,72359,88
3/2/2021,245,185542,11,3740,5274,254632,21,13148,1195,148641,2710151,0,1195,148641,199
3/2/2021,1075,406201,19,4671,10976,361821,91,19234,195,47787,3922153,,195,47787,684
3/2/2021,652,494421,60,9991,9878,330046,51,45699,0,285130,2295722,0,0,285130,631
3/2/2021,301,295295,43,6724,5170,224099,150,9162,4725,278162,1754669,,4725,278162,457
3/2/2021,1736,970583,-157,17189,32258,948185,121,50503,3419,914893,10084481,,3419,914893,1131
3/2/2021,425,485655,4,6490,7919,476415,99,25826,823,472470,6943992,,823,472470,243
3/2/2021,105,99957,2,1477,127,79607,3,3874,98,97934,1413141,,98,97934,24
3/2/2021,440,322949,4,5254,6299,236706,32,14795,424,313426,2702395,,424,313426,416
3/2/2021,155,100158,15,1372,600,94683,7,4591,162,97199,1081562,,162,97199,83
3/2/2021,111,424999,56,4534,3940,401779,4,23999,269,407934,3525279,,269,407934,447
3/2/2021,487,371979,9,1949,14327,191035,29,14753,923,353737,2865473,0,923,353737,237
3/2/2021,182,112652,0,1888,383,95545,8,6640,125,108789,692858,,125,108789,92
3/2/2021,400,201346,2,2084,5704,162493,34,6140,379,155712,2382251,,379,155712,154
3/2/2021,301,582844,38,16182,18013,538986,0,19444,0,494740,16317937,,0,494740,775
3/2/2021,644,776337,15,11436,8429,470596,59,18679,1021,751776,6797475,0,1021,751776,991
3/2/2021,322,171462,7,1867,2814,135920,35,7111,477,94707,640412,,477,94707,121
3/2/2021,847,518823,14,8576,4320,359783,22,20428,0,230793,5068421,0,0,230793,706
3/2/2021,468,383170,26,7905,16059,513499,83,35152,8,9677,7917331,,8,9677,896
3/2/2021,182,44944,0,703,368,108916,7,1536,6,12811,1609150,,6,12811,69
3/2/2021,56,54527,11,682,36,54562,1,1385,91,53339,641380,,91,53339,24
3/1/2021,1153,517976,32,8562,17626,357296,19,20406,0,230793,5053310,0,0,230793,725
3/1/2021,333,617700,0,7014,12774,517730,31,26158,612,550280,6921918,0,612,550280,287
3/1/2021,603,382702,10,7879,22669,503576,69,35069,2,9669,7906291,,2,9669,904
3/1/2021,380,424888,50,4478,15858,400460,10,23995,353,407665,3509717,,353,407665,484
3/1/2021,43,99852,3,1475,2404,79483,4,3871,77,97836,1410827,,77,97836,25
3/1/2021,636,485230,3,6486,21686,469986,8,25727,828,471647,6934737,,828,471647,230
3/1/2021,1395,582543,26,16144,40087,523119,0,19444,0,494740,16261930,,0,494740,788
3/1/2021,98,200946,0,2082,1125,159766,4,6106,424,155333,2373731,,424,155333,158
3/1/2021,0,171140,0,1860,6628,133284,0,7076,0,94230,638919,,0,94230,162
3/1/2021,164,75588,0,1170,3064,100268,0,1118,333,72055,1461579,,333,72055,90
3/1/2021,94,322509,7,5250,6065,233685,0,14763,244,313002,2698497,,244,313002,441
3/1/2021,165,185297,13,3729,2692,248615,19,13127,1433,147446,2699792,0,1433,147446,186
3/1/2021,77,54471,0,671,31,54518,2,1384,116,53248,640594,,116,53248,28
3/1/2021,504,405126,15,4652,16716,358604,42,19143,48,47592,3919142,,48,47592,719
3/1/2021,43,112470,0,1888,2296,95432,6,6632,58,108664,692321,,58,108664,92
3/1/2021,199,294994,0,6681,8376,220044,0,9012,0,273437,1754368,,0,273437,455
3/1/2021,257,371492,5,1940,74,177939,29,14724,511,352814,2859188,0,511,352814,238
3/1/2021,517,493769,2,9931,3564,316073,220,45648,0,285130,2292074,0,0,285130,651
3/1/2021,49,100003,0,1357,2309,93750,3,4584,55,97037,1079671,,55,97037,68
3/1/2021,128,44762,0,703,979,108839,2,1529,5,12805,1600443,,5,12805,62
3/1/2021,689,775693,10,11421,24523,468251,15,18620,892,750755,6789970,0,892,750755,1009
3/1/2021,1425,968847,49,17346,36177,920316,103,50382,1950,911474,10056602,,1950,911474,1181
2/28/2021,233,171140,1,1860,6830,128072,11,7076,255,94230,638919,,255,94230,162
2/28/2021,44,54394,0,671,2435,54368,1,1382,134,53132,636716,,134,53132,25
2/28/2021,258,75424,0,1170,9090,99875,4,1118,398,71722,1458750,,398,71722,87
2/28/2021,704,294795,12,6681,12789,210798,0,9012,0,273437,1730981,,0,273437,492
2/28/2021,167,200848,0,2082,15832,158802,3,6102,570,154909,2371202,,570,154909,151
2/28/2021,244,185132,16,3716,16935,245357,11,13108,2239,146013,2693461,0,2239,146013,192
2/28/2021,3220,322415,-174,5243,13625,227450,0,14763,3490,312758,2695887,,3490,312758,455
2/28/2021,569,493252,-1,9929,6537,313290,0,45428,0,285130,2290216,0,0,285130,657
2/28/2021,706,424508,49,4428,22394,393028,76,23985,818,407312,3509337,,818,407312,484
2/28/2021,827,382099,13,7869,24105,487671,73,35000,8,9667,7887028,,8,9667,868
2/28/2021,29,99809,0,1472,4880,77942,1,3867,81,97759,1409615,,81,97759,21
2/28/2021,1117,775004,18,11411,33864,458159,19,18605,1124,749863,6780861,0,1124,749863,1004
2/28/2021,481,617367,0,7014,20945,500342,39,26127,784,549668,6906878,0,784,549668,290
2/28/2021,142,44634,1,703,515,108688,2,1527,2,12800,1597098,,2,12800,72
2/28/2021,804,484594,8,6483,53104,455544,5,25719,860,470819,6916577,,860,470819,263
2/28/2021,465,371235,6,1935,341,177863,31,14695,907,352303,2853915,0,907,352303,230
2/28/2021,134,112427,2,1888,5393,93922,16,6626,109,108606,691692,,109,108606,89
2/28/2021,1468,581148,51,16118,26110,496356,0,19444,0,494740,16208091,,0,494740,760
2/28/2021,1751,516823,32,8530,12265,345618,47,20387,0,230793,5027738,0,0,230793,769
2/28/2021,675,404622,12,4637,19584,348731,11,19101,19,47544,3904567,,19,47544,732
2/28/2021,1268,967422,60,17297,48199,896436,82,50279,2114,909524,10030523,,2114,909524,1149
2/28/2021,117,99954,1,1357,4893,92720,2,4581,258,96982,1077988,,258,96982,68
2/27/2021,312,170907,9,1859,6266,121491,8,7065,296,93975,637883,,296,93975,162
2/27/2021,0,54350,0,671,2390,51976,0,1381,0,52998,636716,,0,52998,25
2/27/2021,549,294091,31,6669,13842,197908,0,9012,0,273437,1730277,,0,273437,492
2/27/2021,224,99837,2,1356,4677,87239,8,4579,362,96724,1074437,,362,96724,68
2/27/2021,1021,403947,25,4625,22775,329060,109,19090,134,47525,3904567,,134,47525,765
2/27/2021,779,423802,59,4379,18576,367540,30,23909,1127,406494,3508631,,1127,406494,484
2/27/2021,273,75166,3,1170,8617,97674,5,1114,425,71324,1451685,,425,71324,93
2/27/2021,812,483790,13,6475,35634,436564,31,25714,810,469959,6891674,,810,469959,263
2/27/2021,1777,515072,21,8498,14958,330330,65,20340,0,230793,5000460,0,0,230793,865
2/27/2021,186,112293,7,1886,6356,90204,19,6610,213,108497,690339,,213,108497,91
2/27/2021,686,370770,22,1929,13151,177284,36,14664,1198,351396,2847706,0,1198,351396,252
2/27/2021,836,381272,18,7856,17274,463613,79,34927,16,9659,7848245,,16,9659,892
2/27/2021,69,99780,0,1472,7502,74353,2,3866,116,97678,1409086,,116,97678,21
2/27/2021,1774,966154,54,17237,44988,848008,79,50197,3140,907410,9994327,,3140,907410,1204
2/27/2021,152,184888,15,3700,11888,233526,18,13097,1941,143774,2681383,0,1941,143774,227
2/27/2021,868,616886,15,7014,27999,472886,75,26088,844,548884,6886832,0,844,548884,304
2/27/2021,557,319195,10,5417,10971,214402,16,14763,543,309268,2641892,,543,309268,475
2/27/2021,197,44492,1,702,15153,108382,6,1525,4,12798,1588504,,4,12798,74
2/27/2021,1700,579680,43,16067,32201,471242,0,19444,0,494740,16105520,,0,494740,785
2/27/2021,278,200681,4,2082,845,144571,11,6099,402,154339,2366126,,402,154339,154
2/27/2021,834,492683,61,9930,16145,307868,0,45428,0,285130,2286951,0,0,285130,622
2/27/2021,1374,773887,16,11393,23577,435414,33,18586,1785,748739,6769438,0,1785,748739,1038
2/26/2021,297,200403,15,2078,12277,143678,6,6088,184,153937,2356795,,184,153937,166
2/26/2021,90,99711,1,1472,5082,69636,1,3864,88,97562,1407119,,88,97562,21
2/26/2021,731,293542,25,6638,18254,185527,0,9012,0,273437,1729728,,0,273437,522
2/26/2021,516,318638,10,5407,9555,200532,98,14747,747,308725,2634339,,747,308725,504
2/26/2021,793,616018,5,6999,18204,439535,59,26013,872,548040,6860518,0,872,548040,304
2/26/2021,1573,772513,56,11377,26620,416149,47,18553,1754,746954,6753759,0,1754,746954,1432
2/26/2021,1147,482978,12,6462,22727,411197,58,25683,651,469149,6866911,,651,469149,263
2/26/2021,148,54350,0,671,1804,48449,4,1381,119,52998,636716,,119,52998,25
2/26/2021,143,112107,7,1879,4845,86836,2,6591,140,108284,688675,,140,108284,96
2/26/2021,656,184736,14,3685,12339,224643,25,13079,2240,141833,2669565,0,2240,141833,226
2/26/2021,739,491849,38,9869,11963,286095,116,45428,0,285130,2281648,0,0,285130,691
2/26/2021,970,380436,33,7838,17317,438535,89,34848,8,9643,7804095,,8,9643,943
2/26/2021,867,423023,18,4320,16676,345705,66,23879,1057,405367,3501011,,1057,405367,526
2/26/2021,1176,402926,30,4600,22104,316028,93,18981,132,47391,3891701,,132,47391,818
2/26/2021,1987,577980,46,16024,28241,445006,0,19444,0,494740,15997259,,0,494740,807
2/26/2021,325,74893,4,1167,5821,94796,3,1109,352,70899,1436668,,352,70899,95
2/26/2021,178,44295,0,701,106,96724,-2,1519,8,12794,1579975,,8,12794,68
2/26/2021,306,170595,10,1850,4614,116397,13,7057,427,93679,636533,,427,93679,143
2/26/2021,1749,513295,34,8477,13648,313285,80,20275,0,230793,4966441,0,0,230793,916
2/26/2021,1976,964380,58,17183,31402,804998,167,50118,3245,904270,9940287,,3245,904270,1235
2/26/2021,168,99613,4,1354,5052,81811,4,4571,184,96362,1069964,,184,96362,76
2/26/2021,651,370084,17,1907,338,168912,31,14628,1216,350198,2838991,0,1216,350198,254
2/25/2021,214,54202,0,671,2058,46240,3,1377,200,52879,633626,,200,52879,20
2/25/2021,965,615225,58,6994,11037,412649,61,25954,760,547168,6825405,0,760,547168,355
2/25/2021,203,99445,2,1350,2732,78148,8,4567,138,96178,1063419,,138,96178,75
2/25/2021,1443,401750,43,4570,17909,300918,29,18888,34,47259,3878912,,34,47259,843
2/25/2021,310,74568,6,1163,6571,91680,5,1106,229,70547,1436668,,229,70547,97
2/25/2021,920,292811,8,6613,309,163033,0,9012,0,273437,1728997,,0,273437,534
2/25/2021,2409,962404,80,17125,26384,775137,163,49951,3600,901025,9894516,,3600,901025,1262
2/25/2021,986,481831,7,6450,14000,390829,46,25625,529,468498,6831489,,529,468498,265
2/25/2021,2502,511546,45,8443,9713,300144,78,20195,0,230793,4932992,0,0,230793,939
2/25/2021,976,379466,16,7805,23161,414970,87,34759,9,9635,7755974,,9,9635,952
2/25/2021,324,200106,9,2063,9695,136378,23,6082,168,153753,2347453,,168,153753,160
2/25/2021,2108,575993,33,15978,24926,424922,0,19444,16944,494740,15894675,,16944,494740,853
2/25/2021,890,491110,87,9831,10498,268465,62,45312,9885,285130,2276188,0,9885,285130,722
2/25/2021,832,369433,11,1890,14109,168507,43,14597,1261,348982,2829905,0,1261,348982,248
2/25/2021,90,99621,1,1471,2477,66374,3,3863,85,97474,1403080,,85,97474,25
2/25/2021,156,111964,8,1872,4661,82296,19,6589,91,108144,686758,,91,108144,100
2/25/2021,299,184080,13,3671,8470,214411,30,13054,2343,139593,2652210,0,2343,139593,245
2/25/2021,726,318122,10,5397,6423,184592,0,14649,672,307978,2627733,,672,307978,522
2/25/2021,1146,422156,38,4302,16831,324341,45,23813,1151,404310,3456445,,1151,404310,491
2/25/2021,423,170289,0,1840,4117,110960,11,7044,393,93252,635314,,393,93252,143
2/25/2021,217,44117,24,701,80,96635,6,1521,7,12786,1567428,,7,12786,67
2/25/2021,1994,770940,55,11321,17043,396696,76,18506,1946,745200,6735104,0,1946,745200,1139
2/24/2021,798,421010,37,4264,17422,309461,68,23768,1214,403159,3445441,,1214,403159,591
2/24/2021,282,169866,14,1840,2391,104666,26,7033,286,92859,633858,,286,92859,110
2/24/2021,335,74258,2,1157,5807,88867,6,1101,278,70318,1419496,,278,70318,103
2/24/2021,380,199782,4,2054,5726,129779,11,6059,11249,153585,2335453,,11249,153585,178
2/24/2021,669,291891,28,6605,8387,162441,0,9012,0,273437,1728077,,0,273437,554
2/24/2021,115,99531,2,1470,1851,64769,1,3860,103,97389,1399342,,103,97389,28
2/24/2021,803,317396,10,5387,5452,172834,32,14649,924,307306,2618676,,924,307306,545
2/24/2021,812,368601,14,1879,7439,155000,34,14554,1564,347721,2819300,0,1564,347721,252
2/24/2021,2132,509044,41,8398,21937,286518,93,20117,0,230793,4905303,0,0,230793,968
2/24/2021,2102,573885,62,15945,18168,407380,268,19444,0,477796,15776531,,0,477796,875
2/24/2021,1247,490220,84,9744,10666,253615,0,45250,0,275245,2269033,0,0,275245,773
2/24/2021,44,53988,0,671,99,43164,1,1374,11,52679,629838,,11,52679,25
2/24/2021,841,614260,26,6936,8105,392949,55,25893,846,546408,6737019,0,846,546408,347
2/24/2021,1842,959995,77,17045,24763,738512,137,49788,3312,897425,9849578,,3312,897425,1338
2/24/2021,862,378490,27,7789,11280,398749,95,34672,20,9626,7718790,,20,9626,960
2/24/2021,262,111808,1,1864,3572,79453,22,6570,308,108053,685063,,308,108053,102
2/24/2021,1631,768946,68,11266,16843,380372,67,18430,2197,743254,6709400,0,2197,743254,1142
2/24/2021,754,480845,9,6443,10187,375311,51,25579,822,467969,6785781,,822,467969,292
2/24/2021,202,99242,2,1348,1470,75207,5,4559,268,96040,1056170,,268,96040,97
2/24/2021,164,43900,17,677,2829,96565,4,1515,7,12779,1556092,,7,12779,74
2/24/2021,1294,400307,51,4527,12797,285516,91,18859,158,47225,3862877,,158,47225,883
2/24/2021,446,183781,14,3658,3065,206504,35,13024,1642,137250,2642422,0,1642,137250,251
2/23/2021,357,199402,3,2050,7616,122653,17,6048,0,142336,2323010,,0,142336,166
2/23/2021,1453,488973,68,9660,10195,239425,122,45250,0,275245,2265086,0,0,275245,762
2/23/2021,44,53944,9,671,216,42996,1,1373,101,52668,625036,,101,52668,21
2/23/2021,716,367789,12,1865,140,146600,54,14520,1192,346157,2809360,0,1192,346157,271
2/23/2021,707,613419,39,6910,2735,378619,63,25838,636,545562,6709759,0,636,545562,347
2/23/2021,1237,571783,30,15883,19940,392631,0,19176,0,477796,15662404,,0,477796,879
2/23/2021,348,291222,24,6577,3425,151492,34,9012,8981,273437,1727408,,8981,273437,571
2/23/2021,434,169584,0,1826,2032,100979,24,7007,647,92573,632561,,647,92573,110
2/23/2021,1226,767315,45,11198,3807,361428,52,18363,2326,741057,6693645,0,2326,741057,1129
2/23/2021,258,73923,1,1155,5402,86394,2,1095,412,70040,1413885,,412,70040,112
2/23/2021,230,99040,5,1346,1378,73053,27,4554,473,95772,1052733,,473,95772,85
2/23/2021,359,420212,24,4227,5898,298327,16,23700,1348,401945,3430090,,1348,401945,602
2/23/2021,312,183335,9,3644,5291,203441,51,12989,1503,135608,2627817,0,1503,135608,261
2/23/2021,1323,506912,25,8357,4712,276492,30,20024,0,230793,4849625,0,0,230793,977
2/23/2021,212,111546,0,1863,635,77602,11,6548,207,107745,682960,,207,107745,91
2/23/2021,104,99416,0,1468,66,63709,-1,3859,122,97286,1395829,,122,97286,31
2/23/2021,1487,399013,16,4476,5776,274244,143,18768,288,47067,3857305,,288,47067,894
2/23/2021,500,480091,1,6434,11512,366321,50,25528,836,467147,6779613,,836,467147,269
2/23/2021,662,377628,30,7762,9555,381870,84,34577,0,9606,7689541,,0,9606,978
2/23/2021,142,43736,2,660,1422,93400,3,1511,6,12772,1543490,,6,12772,67
2/23/2021,2775,958153,94,16968,12104,705186,159,49651,4154,894113,9830863,,4154,894113,1359
2/23/2021,834,316593,14,5377,2328,164064,47,14617,912,306382,2609837,,912,306382,545
2/22/2021,0,169150,0,1826,8179,98837,0,6983,0,91926,630724,,0,91926,142
2/22/2021,242,290874,0,6553,7127,148214,0,8978,0,264456,1727060,,0,264456,560
2/22/2021,338,367073,1,1853,-38,146464,21,14466,578,344965,2801118,0,578,344965,265
2/22/2021,472,612712,0,6871,11123,374043,32,25775,676,544926,6692770,0,676,544926,348
2/22/2021,252,73665,0,1154,12990,85308,0,1093,309,69628,1413885,,309,69628,109
2/22/2021,234,183023,11,3635,14664,200459,22,12938,1886,134105,2619107,0,1886,134105,247
2/22/2021,1440,505589,8,8332,22061,272452,28,19994,1348,230793,4848302,0,1348,230793,993
2/22/2021,529,397526,13,4460,28969,267789,24,18625,26,46779,3851233,0,26,46779,870
2/22/2021,30,111334,0,1863,1774,77002,13,6537,63,107538,682648,,63,107538,91
2/22/2021,35,99312,3,1468,-1713,63546,3,3860,50,97164,1394905,,50,97164,38
2/22/2021,611,376966,17,7732,37710,369686,54,34493,0,9606,7677006,,0,9606,992
2/22/2021,245,315759,6,5363,3712,161660,30,14570,1010,305470,2605058,,1010,305470,588
2/22/2021,952,766089,20,11153,-133,356656,27,18311,1096,738731,6681400,0,1096,738731,1128
2/22/2021,1262,570546,27,15853,15921,382100,0,19176,0,477796,15599873,,0,477796,888
2/22/2021,31,98810,-1,1341,3108,72225,5,4527,88,95299,1050392,,88,95299,78
2/22/2021,97,43594,0,658,17107,92472,2,1508,5,12766,1538263,0,5,12766,72
2/22/2021,555,479591,1,6433,5905,346167,23,25478,929,466311,6771188,,929,466311,235
2/22/2021,1611,955378,58,16874,12476,685269,120,49492,2347,889959,9805398,,2347,889959,1374
2/22/2021,499,419853,22,4203,6052,288951,17,23684,780,400597,3416048,,780,400597,620
2/22/2021,677,487520,0,9592,16236,228101,361,45128,0,275245,2260261,0,0,275245,862
2/22/2021,105,53900,0,662,1242,42685,3,1372,136,52567,625036,,136,52567,21
2/22/2021,96,199045,0,2047,5964,118426,-3,6031,0,142336,2316398,,0,142336,161
2/21/2021,314,182789,14,3624,8162,194771,15,12916,1444,132219,2609761,0,1444,132219,242
2/21/2021,130,43497,0,658,159,76101,1,1506,2,12761,1534438,0,2,12761,75
2/21/2021,252,73413,1,1154,7381,81490,1,1093,392,69319,1410731,,392,69319,109
2/21/2021,390,290632,0,6553,4689,140550,0,8978,0,264456,1684015,,0,264456,563
2/21/2021,1129,765137,18,11133,8577,355245,17,18284,1335,737635,6674491,0,1335,737635,1128
2/21/2021,979,396997,21,4447,10089,253857,46,18601,51,46753,3807556,0,51,46753,902
2/21/2021,879,479036,9,6432,16327,344300,29,25455,878,465382,6754710,,878,465382,282
2/21/2021,451,612240,0,6871,16679,359360,27,25743,839,544250,6677613,0,839,544250,353
2/21/2021,284,315514,9,5357,2701,157511,14,14540,683,304460,2602624,,683,304460,577
2/21/2021,2872,504149,68,8324,12487,254826,67,19966,1512,229445,4847710,0,1512,229445,1013
2/21/2021,49,99277,0,1465,2238,65293,1,3857,112,97114,1393460,,112,97114,40
2/21/2021,1036,419354,26,4181,11617,274345,61,23667,1254,399817,3415549,,1254,399817,620
2/21/2021,618,376355,18,7715,11570,342271,84,34439,6,9606,7654818,,6,9606,973
2/21/2021,857,486843,2,9592,6537,219639,0,44767,0,275245,2257675,0,0,275245,867
2/21/2021,198,198949,0,2047,7977,118472,2,6034,0,142336,2314397,,0,142336,163
2/21/2021,701,366735,10,1852,325,146286,24,14445,1185,344387,2796344,0,1185,344387,263
2/21/2021,1520,569284,47,15826,26458,367709,0,19176,0,477796,15549944,,0,477796,927
2/21/2021,197,169150,0,1826,6096,92265,10,6983,289,91926,630724,,289,91926,142
2/21/2021,139,111304,4,1863,4137,75719,15,6524,166,107475,682181,,166,107475,90
2/21/2021,112,53795,0,662,259,39474,2,1369,172,52431,620388,,172,52431,31
2/21/2021,1461,953767,67,16816,26282,649412,55,49372,2735,887612,9781894,,2735,887612,1434
2/21/2021,138,98779,1,1342,3926,70876,5,4522,337,95211,1048901,,337,95211,78
2/20/2021,2611,952306,56,16749,27935,602623,104,49317,4264,884877,9750755,,4264,884877,1454
2/20/2021,778,366034,8,1842,13029,146105,39,14421,1471,343202,2788882,0,1471,343202,260
2/20/2021,309,198751,4,2047,8785,114580,23,6032,0,142336,2309233,,0,142336,170
2/20/2021,870,478157,11,6423,17826,321228,58,25426,1050,464504,6729262,,1050,464504,282
2/20/2021,350,290242,19,6553,3439,135591,0,8978,0,264456,1683625,,0,264456,563
2/20/2021,1335,764008,51,11115,8526,344665,32,18267,2148,736300,6665429,0,2148,736300,1123
2/20/2021,425,182475,11,3610,7073,186104,10,12901,2476,130775,2600275,0,2476,130775,278
2/20/2021,763,375737,20,7697,22374,320657,90,34355,9,9600,7622654,,9,9600,1049
2/20/2021,973,418318,23,4155,7185,251032,69,23606,1827,398563,3414513,,1827,398563,620
2/20/2021,314,168953,0,1826,4660,85566,9,6973,396,91637,629647,,396,91637,142
2/20/2021,264,98641,2,1341,3616,66619,11,4517,261,94874,1045673,,261,94874,78
2/20/2021,1331,396018,25,4426,9015,236951,117,18555,229,46702,3807556,0,229,46702,921
2/20/2021,394,73161,1,1153,5267,78361,0,1092,368,68927,1403242,,368,68927,109
2/20/2021,815,611789,19,6871,22746,334625,81,25716,916,543411,6653378,0,916,543411,370
2/20/2021,0,53683,0,662,2057,39323,0,1367,0,52259,620388,,0,52259,31
2/20/2021,147,111165,6,1859,3679,73029,17,6509,172,107309,680703,,172,107309,95
2/20/2021,517,315230,12,5348,1763,152675,26,14526,905,303777,2600443,,905,303777,605
2/20/2021,75,99228,0,1465,2645,61624,9,3856,138,97002,1392548,,138,97002,39
2/20/2021,3340,501277,43,8256,15585,237292,103,19899,1490,227933,4810327,0,1490,227933,1086
2/20/2021,143,43367,2,658,116,75889,2,1505,4,12759,1526754,0,4,12759,75
2/20/2021,774,485986,17,9590,15537,214512,0,44767,0,275245,2253891,0,0,275245,895
2/20/2021,1970,567764,53,15779,40978,343624,0,19176,0,477796,15462524,0,0,477796,970
2/19/2021,2306,949695,82,16693,88834,563650,152,49213,3916,880613,9723498,,3916,880613,1493
2/19/2021,847,485212,149,9573,39771,192304,0,44767,0,275245,2248455,0,0,275245,951
2/19/2021,368,72767,2,1152,9413,74721,7,1092,358,68559,1393693,,358,68559,116
2/19/2021,869,417345,20,4132,78439,240890,73,23537,1768,396736,3409599,,1768,396736,663
2/19/2021,119,99153,0,1465,17830,58099,2,3847,101,96864,1387253,,101,96864,36
2/19/2021,995,477287,8,6412,57805,293643,27,25368,413,463454,6700993,,413,463454,282
2/19/2021,147,111018,6,1853,32515,69083,17,6492,181,107137,678808,,181,107137,91
2/19/2021,1372,762673,7,11064,48744,339016,60,18235,2361,734152,6654486,0,2361,734152,1095
2/19/2021,1818,565794,40,15726,75254,326108,0,19176,0,477796,15347522,0,0,477796,990
2/19/2021,857,365256,21,1834,20156,136006,39,14382,1504,341731,2780070,0,1504,341731,276
2/19/2021,311,182050,19,3599,73102,177122,43,12891,1853,128299,2586662,0,1853,128299,278
2/19/2021,1958,394687,28,4401,30257,228157,124,18438,219,46473,3798304,0,219,46473,923
2/19/2021,152,53683,0,662,12306,36651,3,1367,110,52259,620388,,110,52259,31
2/19/2021,2893,497937,58,8213,47293,222887,95,19796,1438,226443,4780728,0,1438,226443,1122
2/19/2021,277,98377,2,1339,21571,62657,22,4506,412,94613,1040344,,412,94613,96
2/19/2021,1008,374974,16,7677,45634,300029,97,34265,4,9591,7597220,,4,9591,1016
2/19/2021,360,289892,3,6534,23663,131916,0,8978,0,264456,1683275,,0,264456,560
2/19/2021,134,43224,1,656,15677,75845,8,1503,27,12755,1516628,0,27,12755,87
2/19/2021,400,198442,18,2043,28470,110603,12,6009,0,142336,2301258,,0,142336,185
2/19/2021,919,610974,36,6852,56643,306537,79,25635,980,542495,6628082,0,980,542495,370
2/19/2021,268,314713,13,5336,16349,150812,31,14500,1100,302872,2597383,,1100,302872,630
2/19/2021,286,168639,9,1826,16029,81497,17,6964,535,91241,628267,,535,91241,164
2/18/2021,296,198042,7,2025,5652,96439,16,5997,1,142336,2290311,,1,142336,188
2/18/2021,133,99034,4,1465,1782,50438,-5,3845,90,96763,1387253,,90,96763,31
2/18/2021,1198,484365,78,9424,11236,165104,226,44767,10624,275245,2243392,0,10624,275245,1003
2/18/2021,1151,364399,7,1813,8017,126080,49,14343,1758,340227,2772120,0,1758,340227,291
2/18/2021,866,610055,18,6816,13870,266163,58,25556,991,541515,6599391,0,991,541515,391
2/18/2021,253,314445,10,5323,1352,140662,77,14469,1159,301772,2595004,,1159,301772,625
2/18/2021,134,289532,7,6531,0,119684,0,8978,0,264456,1682915,,0,264456,565
2/18/2021,618,416476,23,4112,1689,209203,72,23464,1799,394968,3403661,,1799,394968,705
2/18/2021,2675,495044,38,8155,11056,201703,129,19701,1754,225005,4752459,0,1754,225005,1137
2/18/2021,957,392729,37,4373,2635,205575,25,18314,29,46254,3786674,0,29,46254,935
2/18/2021,998,761301,72,11057,11032,318673,55,18175,2162,731791,6644952,0,2162,731791,1250
2/18/2021,2282,947389,98,16611,17808,514513,173,49061,4415,876697,9691429,,4415,876697,1516
2/18/2021,434,72399,2,1150,5037,69617,2,1085,756,68201,1386911,,756,68201,126
2/18/2021,186,110871,3,1847,3036,54611,9,6475,187,106956,677153,,187,106956,92
2/18/2021,913,476292,14,6404,15144,257283,54,25341,539,463041,6661749,,539,463041,287
2/18/2021,81,53531,0,662,2644,30110,1,1364,110,52149,617468,,110,52149,31
2/18/2021,2040,563976,63,15686,32631,299871,0,19176,24056,477796,15240866,0,24056,477796,1029
2/18/2021,218,43090,1,655,0,65928,5,1495,35,12728,1505645,0,35,12728,89
2/18/2021,407,181739,18,3580,3684,144049,58,12848,1382,126446,2575686,0,1382,126446,284
2/18/2021,200,98100,3,1337,3512,53250,7,4484,167,94201,1035440,,167,94201,109
2/18/2021,986,373966,31,7661,15814,265183,90,34168,16,9587,7555013,,16,9587,1048
2/18/2021,408,168353,11,1817,4533,71408,14,6947,406,90706,626676,,406,90706,164
2/17/2021,462,167945,3,1806,3410,67805,43,6933,890,90300,625319,,890,90300,177
2/17/2021,1010,391772,18,4336,4308,202064,106,18289,151,46225,3780152,0,151,46225,934
2/17/2021,272,181332,12,3562,2111,139262,33,12790,1557,125064,2567877,0,1557,125064,280
2/17/2021,771,609189,10,6798,11383,252667,76,25498,867,540524,6563379,0,867,540524,385
2/17/2021,299,197746,14,2018,2478,91998,17,5981,0,142335,2279925,,0,142335,185
2/17/2021,667,314192,26,5313,1634,138254,0,14392,1506,300613,2593431,,1506,300613,638
2/17/2021,104,42872,3,654,2568,65928,3,1490,30,12693,1498314,0,30,12693,91
2/17/2021,750,71965,12,1148,793,66108,3,1083,223,67445,1377103,,223,67445,126
2/17/2021,1916,492369,62,8117,9236,190900,120,19572,1891,223251,4729746,0,1891,223251,1205
2/17/2021,99,53450,0,662,0,27531,2,1363,39,52039,615337,,39,52039,32
2/17/2021,759,372980,18,7630,5752,253696,98,34078,0,9571,7519063,,0,9571,1096
2/17/2021,234,97900,3,1334,1921,51293,16,4477,365,94034,1029320,,365,94034,91
2/17/2021,1360,561936,56,15623,15821,288309,317,19176,0,453740,15140864,0,0,453740,1088
2/17/2021,758,475379,10,6390,12073,240414,44,25287,1096,462502,6630126,,1096,462502,314
2/17/2021,92,110685,0,1844,2274,52337,5,6466,224,106769,675610,,224,106769,94
2/17/2021,901,363248,9,1806,0,118086,55,14294,2009,338469,2760128,0,2009,338469,290
2/17/2021,679,483167,89,9346,8218,154341,0,44541,0,264621,2238301,0,0,264621,1030
2/17/2021,780,760303,31,10985,5033,314957,57,18120,2719,729629,6634437,0,2719,729629,1245
2/17/2021,684,289398,23,6524,0,119684,0,8978,0,264456,1682781,,0,264456,587
2/17/2021,1816,945107,60,16513,16670,496235,149,48888,4655,872282,9671588,,4655,872282,1539
2/17/2021,120,98901,0,1461,263,49615,5,3850,109,96673,1384149,,109,96673,43
2/17/2021,1078,415858,28,4089,1085,206905,122,23392,2013,393169,3400501,,2013,393169,711
2/16/2021,91,42768,2,651,30197,64236,3,1487,7,12663,1487380,0,7,12663,92
2/16/2021,299,181060,12,3550,14171,137520,41,12757,1901,123507,2556514,0,1901,123507,290
2/16/2021,198,71215,1,1136,4530,65235,3,1080,293,67222,1370889,,293,67222,119
2/16/2021,516,372221,32,7612,23757,244272,77,33980,2,9571,7495908,,2,9571,1110
2/16/2021,591,362347,1,1797,7785,118086,30,14239,1411,336460,2750915,0,1411,336460,297
2/16/2021,138,98781,0,1461,2787,49263,8,3845,119,96564,1381170,,119,96564,46
2/16/2021,452,474621,2,6380,25666,236228,46,25243,869,461406,6611756,,869,461406,315
2/16/2021,2026,943291,59,16453,67723,482839,104,48739,5299,867627,9654714,,5299,867627,1566
2/16/2021,962,759523,17,10954,16031,313510,36,18063,2879,726910,6626533,0,2879,726910,1219
2/16/2021,1226,560576,50,15567,40377,280622,0,18859,0,453740,15057893,1000000,0,453740,1096
2/16/2021,883,482488,13,9257,12141,149288,199,44541,0,264621,2235457,0,0,264621,1104
2/16/2021,508,414780,20,4061,7100,206173,14,23270,2121,391156,3372385,,2121,391156,755
2/16/2021,127,97666,3,1331,3269,50311,17,4461,193,93669,1025367,,193,93669,96
2/16/2021,779,608418,39,6788,26956,243483,82,25422,890,539657,6531839,0,890,539657,411
2/16/2021,1241,390762,27,4318,22212,198180,97,18183,125,46074,3773578,0,125,46074,935
2/16/2021,0,167483,0,1803,13158,64687,0,6890,0,89410,622353,,0,89410,180
2/16/2021,217,110593,0,1844,1276,51631,15,6461,105,106545,674483,,105,106545,97
2/16/2021,1435,490453,21,8055,17066,183497,31,19452,1163,221360,4718931,0,1163,221360,1230
2/16/2021,734,288714,37,6501,5762,119684,76,8978,11316,264456,1682097,,11316,264456,602
2/16/2021,119,197447,1,2004,3021,90231,2,5964,0,142335,2257793,,0,142335,177
2/16/2021,177,313525,12,5287,5026,136415,37,14392,1555,299107,2589008,,1555,299107,638
2/16/2021,215,53351,15,662,686,27531,5,1361,284,52000,614356,,284,52000,34
2/14/2021,4153,487293,87,7998,13485,167699,89,19396,1694,218717,4672026,0,1694,218717,1269
2/14/2021,1882,557777,60,15484,51999,259760,0,18859,0,453740,14948553,0,0,453740,1125
2/14/2021,776,473567,7,6376,21086,224005,40,25156,1033,459525,6586481,,1033,459525,326
2/14/2021,1093,287436,1,6462,8617,114284,0,8902,0,253140,1648073,,0,253140,648
2/14/2021,50,53136,0,647,5796,27132,45,1356,76,51716,604578,,76,51716,44
2/14/2021,282,180571,13,3529,9718,128316,22,12679,1125,120051,2543345,0,1125,120051,292
2/14/2021,1266,413542,30,4024,9179,201044,98,23248,1417,387837,3371147,,1417,387837,755
2/14/2021,710,361294,4,1794,0,105704,38,14189,1499,334201,2739498,0,1499,334201,307
2/14/2021,847,370983,18,7554,20482,231127,80,33808,4,9569,7466180,,4,9569,1166
2/14/2021,1347,757418,31,10933,24702,303722,20,18017,1621,722598,6606949,0,1621,722598,1246
2/14/2021,466,313028,13,5265,8465,130637,34,14332,989,296050,2584498,,989,296050,669
2/14/2021,1809,939350,6,16346,40308,447697,64,48556,3487,859221,9587475,,3487,859221,1657
2/14/2021,104,97401,0,1327,5631,48739,-2,4439,180,93328,1021061,,180,93328,92
2/14/2021,562,607213,1,6745,20325,234709,34,25302,1091,537955,6500249,0,1091,537955,402
2/14/2021,209,197236,0,2002,7032,88356,8,5950,200,142312,2252919,,200,142312,197
2/14/2021,110,110315,6,1844,3624,50247,7,6438,150,106398,672958,,150,106398,87
2/14/2021,110,42529,2,649,0,49721,8,1484,4,12645,1478497,0,4,12645,101
2/14/2021,46,98597,0,1461,2633,47552,3,3831,99,96404,1378291,,99,96404,38
2/14/2021,1708,388798,10,4282,13764,187643,112,18054,274,45880,3758264,0,274,45880,1019
2/14/2021,1075,480931,0,9242,7033,137032,0,44148,0,264621,2228906,0,0,264621,1136
2/14/2021,258,167483,7,1803,10545,56629,15,6890,284,89410,622353,,284,89410,180
2/14/2021,280,70785,3,1133,5610,61658,2,1075,165,66287,1363148,,165,66287,126
2/13/2021,0,53086,0,647,0,23032,0,1311,0,51640,604578,,0,51640,44
2/13/2021,1458,412276,35,3994,10143,188852,65,23150,2022,386420,3369881,,2022,386420,755
2/13/2021,349,167225,5,1796,4154,46516,23,6875,454,89126,621427,,454,89126,180
2/13/2021,2799,937541,1204,16340,38568,409487,81,48492,4081,855734,9559780,,4081,855734,1703
2/13/2021,943,360584,5,1790,0,105704,48,14151,1753,332702,2732808,0,1753,332702,333
2/13/2021,234,97297,3,1327,6611,44935,9,4441,326,93148,1017979,,326,93148,92
2/13/2021,137,110205,7,1838,3175,48674,6,6431,191,106248,671475,,191,106248,82
2/13/2021,1159,370136,33,7536,18311,212923,99,33728,6,9565,7429742,,6,9565,1192
2/13/2021,85,98551,0,1461,2571,45474,1,3828,71,96305,1377365,,71,96305,36
2/13/2021,160,42419,4,647,0,49721,7,1476,22,12641,1468870,0,22,12641,100
2/13/2021,433,70505,4,1130,5851,59402,2,1073,392,66122,1355252,,392,66122,128
2/13/2021,764,387090,19,4272,6040,172518,13,17942,17,45606,3758264,0,17,45606,1059
2/13/2021,954,312562,40,5252,4584,124040,20,14298,1265,295061,2578512,,1265,295061,690
2/13/2021,866,606651,10,6744,25230,216092,71,25268,1237,536864,6479789,0,1237,536864,461
2/13/2021,1792,756071,9,10902,16678,288311,28,17997,2228,720977,6592275,0,2228,720977,1285
2/13/2021,2083,555895,66,15424,29684,235910,0,18859,0,453740,14837659,0,0,453740,1149
2/13/2021,565,180289,14,3516,4495,118379,23,12657,1291,118926,2535285,0,1291,118926,341
2/13/2021,695,286343,32,6461,7561,103462,0,8902,0,253140,1646980,,0,253140,648
2/13/2021,1189,479856,62,9242,18961,133029,0,44148,0,264621,2225016,0,0,264621,1140
2/13/2021,2983,483140,17,7911,12151,153014,102,19307,1717,217023,4631748,0,1717,217023,1302
2/13/2021,1542,197027,0,2002,9105,83670,6,5942,329,142112,2247248,,329,142112,201
2/13/2021,940,472791,7,6369,27207,205958,69,25116,1133,458492,6563488,,1133,458492,326
2/12/2021,1423,386326,42,4253,14212,165324,105,17929,138,45589,3750687,0,138,45589,1063
2/12/2021,1048,471851,19,6362,20250,188872,58,25047,510,457359,6535718,,510,457359,326
2/12/2021,201,42259,2,643,0,49721,5,1469,31,12619,1461272,0,31,12619,102
2/12/2021,479,195485,12,2002,6812,78835,5,5936,547,141783,2231446,,547,141783,216
2/12/2021,113,98466,1,1461,3221,43276,0,3827,107,96234,1376213,,107,96234,39
2/12/2021,984,285648,39,6429,10011,89697,0,8902,0,253140,1646285,,0,253140,659
2/12/2021,3305,934742,2559,15136,54704,375675,142,48411,3595,851653,9524660,,3595,851653,1799
2/12/2021,107,53086,0,647,4687,23032,2,1311,115,51640,604578,,115,51640,44
2/12/2021,2416,553812,89,15358,26438,218795,0,18859,0,453740,14737744,0,0,453740,1223
2/12/2021,565,311608,13,5212,8590,118465,23,14278,1498,293796,2569944,,1498,293796,712
2/12/2021,209,110068,2,1831,5259,45505,14,6425,236,106057,669812,,236,106057,84
2/12/2021,1097,478667,159,9180,16812,122019,242,44148,0,264621,2218143,0,0,264621,1267
2/12/2021,3870,480157,57,7894,12587,140806,119,19205,1822,215306,4595965,0,1822,215306,1375
2/12/2021,221,97063,4,1324,6149,41895,18,4432,325,92822,1012245,,325,92822,100
2/12/2021,460,70072,9,1126,4451,55696,2,1071,381,65730,1341481,,381,65730,131
2/12/2021,1102,605785,11,6734,24295,190059,55,25197,1463,535627,6454144,0,1463,535627,461
2/12/2021,401,179724,23,3502,8220,111954,75,12634,1117,117635,2512101,0,1117,117635,365
2/12/2021,1060,359641,11,1785,0,105704,49,14103,2634,330949,2723333,0,2634,330949,345
2/12/2021,2246,754279,81,10893,22929,279980,49,17969,2613,718749,6572241,0,2613,718749,1332
2/12/2021,1417,410818,11,3959,5890,178566,65,23085,2056,384398,3358452,,2056,384398,806
2/12/2021,1112,368977,36,7503,16788,197848,121,33629,5,9559,7388614,,5,9559,1225
2/12/2021,323,166876,0,1791,0,43231,14,6852,546,88672,619943,,546,88672,176
2/11/2021,1871,384903,36,4211,11454,151297,109,17824,154,45451,3725585,0,154,45451,1142
2/11/2021,3147,476287,95,7837,12302,133648,145,19086,1639,213484,4556983,0,1639,213484,1391
2/11/2021,1242,358581,9,1774,0,105704,47,14054,2078,328315,2712198,0,2078,328315,363
2/11/2021,1103,311043,25,5199,5633,110751,44,14255,1750,292298,2563275,,1750,292298,712
2/11/2021,1428,604683,18,6723,20347,176673,52,25142,1371,534164,6424253,0,1371,534164,489
2/11/2021,279,109859,14,1829,3073,43827,14,6411,207,105821,667167,,207,105821,104
2/11/2021,2450,551396,62,15269,28215,207392,0,18859,28023,453740,14631637,0,28023,453740,1313
2/11/2021,533,179323,18,3479,6032,101665,2,12559,1542,116518,2486602,0,1542,116518,371
2/11/2021,374,195006,4,1990,3637,73704,3,5931,-3,141236,2214571,,-3,141236,230
2/11/2021,365,69612,1,1117,5340,53145,4,1069,360,65349,1341481,,360,65349,138
2/11/2021,247,96842,0,1320,3228,39710,14,4414,249,92497,1007629,,249,92497,111
2/11/2021,1199,367865,21,7467,11743,181380,110,33508,28,9554,7344008,,28,9554,1272
2/11/2021,105,52979,0,647,0,18180,3,1309,106,51525,601103,,106,51525,41
2/11/2021,911,284664,23,6390,8768,78802,0,8902,0,253140,1645301,,0,253140,690
2/11/2021,898,470803,24,6343,33951,176482,65,24989,605,456849,6497251,,605,456849,320
2/11/2021,175,42058,0,641,0,49721,6,1464,6,12588,1451183,0,6,12588,100
2/11/2021,139,98353,1,1460,2022,40721,7,3827,101,96127,1372588,,101,96127,39
2/11/2021,1677,409401,48,3948,11552,172509,90,23020,2175,382342,3343704,,2175,382342,807
2/11/2021,1503,477570,133,9021,18797,111036,221,43906,0,264621,2211371,0,0,264621,1281
2/11/2021,458,166553,11,1791,4558,43231,-1,6838,621,88126,618223,,621,88126,176
2/11/2021,2806,931437,721,12577,30080,349390,189,48269,6865,848058,9469638,,6865,848058,1862
2/11/2021,1624,752033,81,10812,17960,267820,45,17920,2069,716136,6547434,0,2069,716136,1385
2/10/2021,437,166095,4,1780,3866,39608,20,6839,625,87505,616857,,625,87505,178
2/10/2021,1401,476067,309,8888,17266,102520,186,43685,11741,264621,2204274,0,11741,264621,1401
2/10/2021,1660,407724,30,3900,8192,162188,141,22930,2489,380167,3327080,,2489,380167,856
2/10/2021,1092,309940,26,5174,5422,103669,37,14211,1774,290548,2552254,,1774,290548,735
2/10/2021,784,283753,25,6367,8753,67829,0,8902,0,253140,1644390,,0,253140,743
2/10/2021,651,469905,11,6319,0,160794,61,24924,964,456244,6459253,,964,456244,317
2/10/2021,175,109580,6,1815,2066,41607,10,6397,262,105614,664127,,262,105614,109
2/10/2021,307,96595,5,1320,3135,37966,26,4400,464,92248,1001074,,464,92248,108
2/10/2021,1911,383032,49,4175,6498,139605,197,17715,149,45297,3713640,0,149,45297,1191
2/10/2021,2829,473140,49,7742,14605,126831,127,18941,1945,211845,4534832,0,1945,211845,1439
2/10/2021,1299,357339,17,1765,0,105704,57,14007,2135,326237,2700294,0,2135,326237,365
2/10/2021,999,603255,42,6705,19443,168029,69,25090,1450,532793,6384569,0,1450,532793,489
2/10/2021,510,178790,31,3461,4539,92720,52,12557,1528,114976,2458248,0,1528,114976,379
2/10/2021,3281,928631,63,11856,18346,326984,227,48080,6804,841193,9426763,,6804,841193,1922
2/10/2021,329,69247,7,1116,4265,50602,2,1065,350,64989,1330432,,350,64989,142
2/10/2021,44,52874,0,647,2395,18180,0,1306,33,51419,597849,,33,51419,45
2/10/2021,2050,548946,83,15207,37962,194968,457,18859,0,425717,14520845,0,0,425717,1358
2/10/2021,2947,750409,100,10731,18531,259283,89,17875,3325,714067,6523383,0,3325,714067,1419
2/10/2021,1137,366666,33,7446,13776,168844,110,33398,0,9526,7304817,,0,9526,1282
2/10/2021,253,41883,2,641,3773,49721,8,1458,14,12582,1440543,0,14,12582,112
2/10/2021,39,98214,2,1459,1284,39154,6,3820,12,96026,1367891,,12,96026,34
2/10/2021,462,194632,8,1986,3200,70566,11,5928,131,141239,2205128,,131,141239,240
2/9/2021,1070,406064,53,3870,923,152243,15,22789,2728,377678,3309116,,2728,377678,864
2/9/2021,3207,925350,98,11793,20656,312725,181,47853,5934,834389,9407146,,5934,834389,1974
2/9/2021,1636,747462,65,10631,4574,250647,91,17786,3644,710742,6495794,0,3644,710742,1404
2/9/2021,1908,470311,3,7693,0,119206,26,18814,1307,209900,4514722,0,1307,209900,1465
2/9/2021,656,282969,72,6342,737,60237,125,8902,14964,253140,1643606,,14964,253140,743
2/9/2021,1593,546896,70,15124,18977,181280,0,18402,0,425717,14420574,0,0,425717,1401
2/9/2021,976,365529,41,7413,6034,154468,101,33288,0,9526,7274451,,0,9526,1377
2/9/2021,2328,381121,35,4126,1899,129862,89,17518,187,45148,3698800,0,187,45148,1204
2/9/2021,449,165658,9,1776,2141,37002,26,6819,802,86880,615270,,802,86880,178
2/9/2021,1475,308848,42,5148,1313,95202,75,14174,1857,288774,2542434,,1857,288774,775
2/9/2021,419,68918,3,1109,1438,47409,5,1063,491,64639,1322008,,491,64639,159
2/9/2021,918,356040,10,1748,2068,105704,61,13950,1277,324102,2688842,0,1277,324102,359
2/9/2021,122,109405,0,1809,63,40466,10,6387,186,105352,662596,,186,105352,109
2/9/2021,572,469254,6,6308,0,160794,83,24863,990,455280,6442513,,990,455280,321
2/9/2021,-9,98175,3,1457,0,38417,3,3814,23,96014,1364736,,23,96014,37
2/9/2021,211,41630,3,639,5732,47770,5,1450,33,12568,1431457,0,33,12568,117
2/9/2021,413,178280,18,3430,2452,88738,60,12505,1397,113448,2448551,0,1397,113448,369
2/9/2021,46,52830,23,647,0,16729,0,1306,95,51386,595970,,95,51386,32
2/9/2021,865,602256,49,6663,4356,160627,102,25021,1127,531343,6351878,0,1127,531343,525
2/9/2021,374,96288,1,1315,538,36907,18,4374,404,91784,997279,,404,91784,102
2/9/2021,344,194170,10,1978,816,68056,16,5917,206,141108,2190059,,206,141108,257
2/9/2021,1318,474666,56,8579,16682,95033,116,43499,0,252880,2197811,0,0,252880,1441
2/8/2021,311,177867,13,3412,5752,87916,37,12445,1014,112051,2439850,0,1014,112051,396
2/8/2021,1369,545303,55,15054,20671,174437,0,18402,0,425717,14368462,0,0,425717,1387
2/8/2021,514,355122,2,1738,20533,104274,27,13889,1069,322825,2683416,0,1069,322825,353
2/8/2021,2030,468403,39,7690,9980,119206,32,18788,1492,208593,4494804,0,1492,208593,1517
2/8/2021,635,282313,1,6270,3211,59325,0,8777,0,238176,1609943,,0,238176,842
2/8/2021,29,98184,3,1454,2151,38417,6,3811,45,95991,1364158,,45,95991,40
2/8/2021,157,52784,0,624,2699,16729,4,1306,275,51291,704836,,275,51291,41
2/8/2021,120,68499,2,1106,211,46071,2,1058,534,64148,1314658,,534,64148,179
2/8/2021,104,193826,0,1968,1558,67636,5,5901,494,140902,2183665,,494,140902,250
2/8/2021,925,473348,8,8523,2947,88453,378,43383,0,252880,2191851,0,0,252880,1524
2/8/2021,1926,922143,36,11695,31845,306072,134,47672,4375,828455,9374405,,4375,828455,2012
2/8/2021,564,468682,3,6302,12596,160794,35,24780,1065,454290,6433140,,1065,454290,330
2/8/2021,903,364553,23,7372,13723,150844,122,33187,1,9526,7260091,,1,9526,1413
2/8/2021,1003,378793,40,4091,11318,127793,18,17429,16,44961,3694175,0,16,44961,1163
2/8/2021,609,601391,1,6614,14499,159160,34,24919,1096,530216,6335252,0,1096,530216,572
2/8/2021,201,41419,1,636,0,44447,3,1445,9,12535,1428458,0,9,12535,123
2/8/2021,1226,745826,97,10566,10223,248911,39,17695,1606,707098,6486810,0,1606,707098,1431
2/8/2021,0,165209,0,1767,8315,35910,0,6793,0,86078,613210,,0,86078,207
2/8/2021,124,95914,0,1314,1103,36596,3,4356,218,91380,992938,,218,91380,101
2/8/2021,1040,404994,4,3817,6887,151019,23,22774,1460,374950,3294529,,1460,374950,917
2/8/2021,637,307373,30,5106,4465,94058,33,14099,1611,286917,2535155,,1611,286917,777
2/8/2021,54,109283,0,1809,1017,40368,7,6377,62,105166,661963,,62,105166,112
2/7/2021,240,165209,9,1767,7106,34322,8,6793,639,86078,613210,,639,86078,207
2/7/2021,672,306736,15,5076,9986,90308,17,14066,1144,285306,2529325,,1144,285306,781
2/7/2021,766,600782,2,6613,60082,153227,61,24885,1545,529120,6348701,0,1545,529120,570
2/7/2021,908,354608,3,1736,0,88190,34,13862,1574,321756,2677079,0,1574,321756,391
2/7/2021,1528,377790,31,4051,16186,122785,31,17411,29,44945,3676301,0,29,44945,1235
2/7/2021,49,98155,0,1451,3547,37651,4,3805,112,95946,1362842,,112,95946,39
2/7/2021,901,468118,10,6299,18929,157277,59,24745,1042,453225,6415297,,1042,453225,362
2/7/2021,1112,472423,2,8515,5292,86141,0,43005,0,252880,2187329,0,0,252880,1513
2/7/2021,2387,744600,6,10469,22172,244539,14,17656,2066,705492,6475194,0,2066,705492,1439
2/7/2021,1566,363650,20,7349,21717,146335,202,33065,11,9525,7237247,,11,9525,1402
2/7/2021,318,68379,6,1104,3029,45567,2,1056,672,63614,1314190,,672,63614,186
2/7/2021,342,177556,13,3399,4814,83100,16,12408,797,111037,2430327,0,797,111037,403
2/7/2021,73,95790,2,1314,4868,36195,3,4353,102,91162,988597,,102,91162,101
2/7/2021,3107,543934,78,14999,37630,169148,0,18402,0,425717,14325516,0,0,425717,1389
2/7/2021,2138,920217,7,11659,31130,285694,61,47538,4900,824080,9347896,,4900,824080,1978
2/7/2021,154,41218,1,635,6146,44447,6,1442,5,12526,1422591,0,5,12526,123
2/7/2021,3392,466373,40,7651,15452,113169,79,18756,1587,207101,4463062,0,1587,207101,1526
2/7/2021,301,193722,0,1968,6340,66018,9,5896,523,140408,2181508,,523,140408,272
2/7/2021,900,281678,3,6269,12017,56140,0,8777,0,238176,1609308,,0,238176,842
2/7/2021,97,109229,5,1809,2716,39756,11,6370,148,105104,660930,,148,105104,113
2/7/2021,9,52627,0,624,0,14835,-1,1302,-2,51016,683414,,-2,51016,44
2/7/2021,2174,403954,52,3813,18253,145610,158,22751,1754,373490,3293489,,1754,373490,917
2/6/2021,265,41064,2,634,7103,40806,5,1436,23,12521,1413307,0,23,12521,132
2/6/2021,1036,280778,44,6266,14530,47607,0,8777,0,238176,1608408,,0,238176,842
2/6/2021,1211,353700,5,1733,13113,88190,73,13828,2148,320182,2668996,0,2148,320182,419
2/6/2021,188,109132,6,1804,2961,38626,13,6359,240,104956,659546,,240,104956,115
2/6/2021,1992,471311,64,8513,16753,84278,0,43005,0,252880,2182021,0,0,252880,1551
2/6/2021,466,68061,7,1098,3979,43888,4,1054,500,62942,1307603,,500,62942,183
2/6/2021,2053,401780,51,3761,13046,131556,140,22593,2458,371736,3291315,,2458,371736,917
2/6/2021,259,95717,5,1312,4783,34207,9,4350,406,91060,986635,,406,91060,107
2/6/2021,3182,742213,58,10463,21163,228198,78,17642,2806,703426,6447310,0,2806,703426,1514
2/6/2021,3549,918079,81,11652,39299,265445,139,47477,6473,819180,9311397,,6473,819180,2030
2/6/2021,11,98106,0,1451,3610,35123,4,3801,57,95834,1361923,,57,95834,36
2/6/2021,42,52618,0,624,2446,14835,1,1303,92,51018,683414,,92,51018,44
2/6/2021,3619,540827,62,14921,31976,153692,0,18402,0,425717,14212421,0,0,425717,1451
2/6/2021,1994,376262,49,4020,18888,108050,98,17380,224,44916,3676301,0,224,44916,1294
2/6/2021,3007,462981,58,7611,16560,103432,116,18677,1706,205514,4426262,0,1706,205514,1600
2/6/2021,352,193421,10,1968,9556,59985,14,5887,598,139885,2171505,,598,139885,275
2/6/2021,421,177214,8,3386,8652,78774,11,12392,1172,110240,2418457,0,1172,110240,419
2/6/2021,1341,306064,11,5061,15694,81564,147,14049,1463,284162,2520485,,1463,284162,750
2/6/2021,404,164969,11,1758,13663,32011,14,6785,615,85439,612081,,615,85439,199
2/6/2021,1114,600016,36,6611,29389,110306,90,24824,1571,527575,6334264,0,1571,527575,593
2/6/2021,1500,362084,42,7329,17858,129951,176,32863,0,9514,7188638,,0,9514,1419
2/6/2021,993,467217,16,6289,49892,150576,69,24686,1259,452183,6391756,,1259,452183,362
2/5/2021,1216,352489,17,1728,12776,80826,58,13755,2420,318034,2658072,0,2420,318034,433
2/5/2021,265,40799,2,632,4062,38542,11,1431,17,12498,1403310,0,17,12498,131
2/5/2021,582,176793,23,3378,7574,71951,61,12381,924,109068,2402484,0,924,109068,396
2/5/2021,402,164565,-1,1747,7037,28970,22,6771,665,84824,610636,,665,84824,203
2/5/2021,2662,399727,29,3710,11269,114208,136,22453,2829,369278,3266144,,2829,369278,951
2/5/2021,6096,459974,66,7553,14753,96485,99,18561,1436,203808,4391292,0,1436,203808,1637
2/5/2021,1496,469319,84,8449,14677,76603,194,43005,0,252880,2149684,0,0,252880,1671
2/5/2021,1427,598902,30,6575,33621,96850,100,24734,1884,526004,6304655,0,1884,526004,594
2/5/2021,347,95458,-1,1307,4569,30749,14,4341,252,90654,981178,,252,90654,102
2/5/2021,1048,466224,22,6273,0,131728,52,24617,541,450924,6360982,,541,450924,362
2/5/2021,3287,537208,75,14859,22742,143690,0,18402,0,425717,14082912,0,0,425717,1503
2/5/2021,1547,360584,36,7287,14588,115640,156,32687,3,9514,7144618,,3,9514,1444
2/5/2021,1210,279742,40,6222,15179,37572,0,8777,0,238176,1607372,,0,238176,858
2/5/2021,131,108944,10,1798,4224,35590,12,6346,208,104716,658020,,208,104716,121
2/5/2021,108,52576,0,624,4269,12852,2,1302,151,50926,683414,,151,50926,44
2/5/2021,61,98095,4,1451,3938,30829,0,3797,86,95777,1360187,,86,95777,33
2/5/2021,2661,739031,203,10405,22674,215763,95,17564,3510,700620,6417656,0,3510,700620,1558
2/5/2021,478,67595,6,1091,4432,40489,2,1050,509,62442,1297471,,509,62442,198
2/5/2021,1824,304723,41,5050,7896,73810,0,13902,1831,282699,2508232,,1831,282699,808
2/5/2021,520,193069,6,1958,5926,55313,11,5873,640,139287,2158971,,640,139287,285
2/5/2021,3683,914530,62,11571,27327,239651,228,47338,6310,812707,9265442,,6310,812707,2170
2/5/2021,2256,374268,50,3971,15788,93651,112,17282,298,44692,3668483,0,298,44692,1318
2/4/2021,2782,397065,27,3681,10024,99354,150,22317,2641,366449,3251504,,2641,366449,1008
2/4/2021,2493,372012,58,3921,12099,81502,160,17170,321,44394,3653551,0,321,44394,1340
2/4/2021,3084,453878,93,7487,12181,89983,138,18462,1738,202372,4325898,0,1738,202372,1677
2/4/2021,180,52468,0,624,0,10495,7,1300,276,50775,670688,,276,50775,48
2/4/2021,174,108813,6,1788,2672,33898,13,6334,203,104508,655982,,203,104508,126
2/4/2021,559,176211,17,3355,5257,67246,73,12320,499,108144,2386859,0,499,108144,445
2/4/2021,2804,533921,76,14784,19690,134311,0,18402,36000,425717,13955444,0,36000,425717,1554
2/4/2021,3154,736370,169,10202,14484,204419,107,17469,3403,697110,6389746,0,3403,697110,1562
2/4/2021,507,192549,21,1952,3303,52390,18,5862,963,138647,2146271,,963,138647,278
2/4/2021,396,67117,9,1085,4070,36868,6,1048,369,61933,1287829,,369,61933,209
2/4/2021,98,98034,0,1447,1798,28847,3,3797,90,95691,1357082,,90,95691,37
2/4/2021,1719,597475,49,6545,553,84998,80,24634,1759,524120,6278671,0,1759,524120,639
2/4/2021,1210,278532,24,6182,0,27786,0,8777,15364,238176,1606162,,15364,238176,897
2/4/2021,301,40534,3,630,5045,36870,10,1420,14,12481,1395163,0,14,12481,145
2/4/2021,1554,359037,31,7251,9448,101425,125,32531,0,9511,7102358,,0,9511,1426
2/4/2021,4120,910847,79,11509,25364,217948,237,47110,6578,806397,9213673,,6578,806397,2252
2/4/2021,1273,351273,14,1711,13035,74992,49,13697,2742,315614,2646744,0,2742,315614,449
2/4/2021,1410,465176,17,6251,28544,131728,72,24565,676,450383,6326093,,676,450383,369
2/4/2021,2469,302899,24,5009,10256,68778,89,13902,1986,280868,2496513,,1986,280868,815
2/4/2021,507,164163,7,1748,5876,26345,17,6749,823,84159,608896,,823,84159,203
2/4/2021,301,95111,5,1308,3167,28942,20,4327,316,90402,974723,,316,90402,115
2/4/2021,2767,467823,162,8365,13847,69155,84,42811,10737,252880,2149684,0,10737,252880,1666
2/3/2021,670,175652,28,3338,5092,62821,62,12247,2077,107645,2376514,0,2077,107645,476
2/3/2021,2118,465056,309,8203,12287,62990,399,42727,0,242143,2139919,0,0,242143,1777
2/3/2021,491,163656,6,1741,4275,24171,30,6732,615,83336,607115,,615,83336,157
2/3/2021,1856,733216,133,10033,12667,192674,86,17362,4744,693707,6359798,0,4744,693707,1638
2/3/2021,3991,906727,94,11430,28889,200784,214,46873,6053,799819,9165199,,6053,799819,2379
2/3/2021,1539,595756,16,6496,20312,84830,94,24554,2036,522361,6236725,0,2036,522361,655
2/3/2021,337,66721,10,1076,678,34130,6,1042,468,61564,1281021,,468,61564,207
2/3/2021,634,463766,24,6234,0,119631,46,24493,1112,449707,6281780,,1112,449707,379
2/3/2021,942,357483,32,7220,6260,91468,115,32406,9,9511,7066871,,9,9511,1485
2/3/2021,791,277322,26,6158,8400,27786,0,8777,0,222812,1604952,,0,222812,930
2/3/2021,208,108639,3,1782,1900,31863,17,6321,253,104305,654279,,253,104305,133
2/3/2021,426,94810,54,1303,2455,26345,34,4307,544,90086,968115,,544,90086,121
2/3/2021,2890,450794,76,7394,5677,84010,178,18324,1589,200634,4300686,0,1589,200634,1760
2/3/2021,2119,394283,52,3654,9491,87596,171,22167,3106,363808,3233272,,3106,363808,1048
2/3/2021,138,97936,0,1447,854,27418,5,3794,110,95601,1351985,,110,95601,42
2/3/2021,1591,350000,12,1697,0,63286,72,13648,2895,312872,2635985,0,2895,312872,413
2/3/2021,605,192042,2,1931,3477,48889,12,5844,238,137684,2132924,,238,137684,305
2/3/2021,160,52288,0,624,1106,10495,4,1293,68,50499,656543,,68,50499,47
2/3/2021,2455,531117,56,14708,0,126560,394,18402,0,389717,13874158,0,0,389717,1635
2/3/2021,273,40233,9,627,0,34299,7,1410,27,12467,1388243,0,27,12467,158
2/3/2021,2426,300430,46,4985,4466,63356,83,13813,2178,278882,2480443,,2178,278882,884
2/3/2021,2581,369519,51,3863,9393,73264,196,17010,359,44073,3635689,0,359,44073,1340
2/2/2021,604,463132,8,6210,5626,119631,95,24447,1175,448595,6264836,,1175,448595,394
2/2/2021,482,163165,10,1735,2013,22725,28,6702,1130,82721,605237,,1130,82721,157
2/2/2021,3657,902736,106,11336,30144,189502,221,46659,7517,793766,9146476,,7517,793766,2488
2/2/2021,417,39960,23,618,0,34299,9,1403,18,12440,1378012,0,18,12440,157
2/2/2021,1988,447904,35,7318,6772,81203,33,18146,1235,199045,4284337,0,1235,199045,1832
2/2/2021,1201,348409,17,1685,921,63286,61,13576,2129,309977,2623440,0,2129,309977,485
2/2/2021,432,174982,15,3310,1725,60740,66,12185,1443,105568,2365894,0,1443,105568,492
2/2/2021,1296,392164,38,3602,1859,80465,39,21996,2662,360702,3214634,,2662,360702,1123
2/2/2021,825,276531,76,6132,935,25408,0,8777,0,222812,1604161,,0,222812,941
2/2/2021,1510,298004,44,4939,1898,59903,79,13730,1800,276704,2446230,,1800,276704,869
2/2/2021,905,356541,34,7188,7414,88359,110,32291,1,9502,7052264,,1,9502,1467
2/2/2021,2431,366938,32,3812,3238,66852,89,16814,222,43714,3626864,0,222,43714,1335
2/2/2021,116,108431,1,1779,73,30803,10,6304,343,104052,652680,,343,104052,131
2/2/2021,1296,594217,44,6480,7847,81523,123,24460,1524,520325,6204596,0,1524,520325,686
2/2/2021,326,66384,7,1066,3323,32381,0,1036,759,61096,1267372,,759,61096,202
2/2/2021,2078,462938,206,7894,11083,58825,469,42328,0,242143,2133836,0,0,242143,1868
2/2/2021,314,94384,15,1249,793,25824,25,4273,324,89542,960130,,324,89542,116
2/2/2021,2239,528662,45,14652,12616,126560,0,18008,0,389717,13782465,0,0,389717,1631
2/2/2021,487,191437,9,1929,684,46523,17,5832,474,137446,2110148,,474,137446,305
2/2/2021,2173,731360,147,9900,2656,179546,104,17276,3801,688963,6347070,0,3801,688963,1687
2/2/2021,115,97798,0,1447,148,26493,7,3789,183,95491,1348204,,183,95491,45
2/2/2021,71,52128,28,624,100,9848,0,1289,114,50431,647149,,114,50431,53
2/1/2021,781,592921,2,6436,19995,81097,39,24337,1632,518801,6160773,0,1632,518801,697
2/1/2021,237,190950,0,1920,1191,45716,11,5815,286,136972,2102977,,286,136972,312
2/1/2021,584,347208,3,1668,16997,62607,47,13515,1463,307848,2613818,0,1463,307848,488
2/1/2021,0,162683,0,1725,2659,22468,0,6674,0,81591,603115,,0,81591,225
2/1/2021,2398,526423,30,14607,23421,122652,0,18008,0,389717,13721200,0,0,389717,1676
2/1/2021,1617,364507,35,3780,9646,66077,38,16725,112,43492,3621461,0,112,43492,1314
2/1/2021,1163,355636,27,7154,18545,87039,126,32181,2,9501,7038562,,2,9501,1437
2/1/2021,721,462528,2,6202,22831,118959,44,24352,1283,447420,6255856,,1283,447420,387
2/1/2021,219,39543,5,595,4252,34299,4,1394,13,12422,1374090,0,13,12422,164
2/1/2021,1326,729187,103,9753,9551,178248,52,17172,1867,685162,6336990,0,1867,685162,1682
2/1/2021,1396,390868,17,3564,3779,80231,36,21957,1654,358040,3186209,,1654,358040,1184
2/1/2021,2530,445916,241,7283,17579,80038,23,18113,1149,197810,4258793,0,1149,197810,1842
2/1/2021,53,97683,5,1447,765,26136,2,3782,81,95308,1346554,,81,95308,47
2/1/2021,1226,296494,27,4895,5076,58613,41,13651,1688,274904,2438501,,1688,274904,889
2/1/2021,3287,899079,55,11230,34992,179168,223,46438,6361,786249,9104857,,6361,786249,2521
2/1/2021,1221,460860,0,7688,3327,56308,0,41859,0,242143,2144425,0,0,242143,1888
2/1/2021,363,66058,2,1059,1517,30421,-1,1036,585,60337,1267372,,585,60337,193
2/1/2021,65,108315,0,1778,529,30557,4,6294,70,103709,652087,,70,103709,126
2/1/2021,145,52057,0,596,516,9651,5,1289,314,50317,651791,,314,50317,53
2/1/2021,121,94070,1,1234,1043,25438,3,4248,145,89218,956718,,145,89218,108
2/1/2021,486,174550,12,3295,7248,60099,44,12119,1164,104125,2354900,,1164,104125,477
2/1/2021,705,275706,11,6056,1836,25077,130,8777,0,222812,1603336,,0,222812,948
1/31/2021,988,461807,13,6200,26083,114255,39,24308,1355,446137,6236640,,1355,446137,450
1/31/2021,156,39324,0,590,6197,33121,4,1390,11,12409,1366820,0,11,12409,160
1/31/2021,3601,443386,28,7042,22013,74459,102,18090,1679,196661,4227525,0,1679,196661,1841
1/31/2021,1194,346624,2,1665,0,45874,41,13468,2311,306385,2607358,0,2311,306385,519
1/31/2021,811,275001,27,6045,12270,24455,0,8647,0,222812,1569489,,0,222812,953
1/31/2021,143,190713,0,1920,7739,43712,8,5804,729,136686,2100123,,729,136686,320
1/31/2021,525,174064,18,3283,9641,56314,28,12075,663,102961,2343455,,663,102961,479
1/31/2021,187,93949,1,1233,4152,24885,-1,4245,251,89073,954249,,251,89073,101
1/31/2021,328,162683,0,1725,4655,21636,15,6674,557,81591,603115,,557,81591,225
1/31/2021,333,65695,15,1057,2376,29736,4,1037,670,59752,1262157,,670,59752,200
1/31/2021,1747,354473,20,7127,23831,82743,167,32055,8,9499,7013154,,8,9499,1471
1/31/2021,1143,592140,4,6434,33683,78902,55,24298,1424,517169,6177575,0,1424,517169,680
1/31/2021,68,97630,0,1442,3937,25359,2,3780,119,95227,1345999,,119,95227,50
1/31/2021,208,51912,0,596,6198,9321,5,1284,22,50003,634985,,22,50003,54
1/31/2021,3011,895792,54,11175,30268,163622,80,46215,3995,779888,9074070,,3995,779888,2441
1/31/2021,881,295268,30,4868,10932,56264,11,13610,1305,273216,2431538,,1305,273216,913
1/31/2021,180,108250,3,1778,2294,29362,4,6290,238,103639,651113,,238,103639,125
1/31/2021,1766,362890,31,3745,13157,64890,28,16687,82,43380,3590222,0,82,43380,1327
1/31/2021,2882,389472,43,3547,17509,78459,153,21921,2163,356386,3184813,,2163,356386,1184
1/31/2021,4057,459639,122,7688,9933,55331,0,41859,0,242143,2140705,0,0,242143,1884
1/31/2021,3119,727861,76,9650,21710,169166,28,17120,2448,683295,6327384,0,2448,683295,1699
1/31/2021,2665,524025,46,14577,22556,116315,0,18008,0,389717,13632898,0,0,389717,1676
1/30/2021,2251,724742,113,9574,15766,155936,154,17092,3969,680847,6295021,0,3969,680847,1806
1/30/2021,635,162355,4,1725,4657,20148,30,6659,782,81034,601646,,782,81034,225
1/30/2021,2097,352726,31,7107,22862,76905,129,31888,9,9491,6966924,,9,9491,1560
1/30/2021,355,39168,20,590,5955,31055,5,1386,19,12398,1354710,0,19,12398,161
1/30/2021,1613,590997,40,6430,36635,71976,89,24243,1936,515745,6154838,0,1936,515745,680
1/30/2021,2646,361124,46,3714,12208,59367,113,16659,246,43298,3590222,0,246,43298,1415
1/30/2021,524,65362,6,1042,3843,27544,4,1033,668,59082,1254902,,668,59082,217
1/30/2021,115,108070,7,1775,3727,28547,14,6286,274,103401,649393,,274,103401,145
1/30/2021,973,190570,-1,1920,5142,41093,21,5796,1465,135957,2090962,,1465,135957,325
1/30/2021,4191,892781,51,11121,42660,150948,183,46135,5296,775893,9033143,,5296,775893,2506
1/30/2021,0,455582,0,7566,31767,53742,376,41859,0,242143,2127308,0,0,242143,1879
1/30/2021,1528,274190,35,6018,8274,22816,0,8647,0,222812,1568678,,0,222812,953
1/30/2021,1824,294387,7,4838,12383,52118,47,13599,1535,271911,2420194,,1535,271911,911
1/30/2021,4152,439785,72,7014,17349,66286,100,17988,1457,194982,4188261,0,1457,194982,1927
1/30/2021,516,93762,5,1232,3898,23785,29,4246,531,88822,950743,,531,88822,101
1/30/2021,741,173539,17,3265,6245,50153,58,12047,1244,102298,2328334,,1244,102298,548
1/30/2021,1468,345430,8,1663,8148,45874,74,13427,2612,304074,2598403,0,2612,304074,522
1/30/2021,2373,386590,33,3504,15757,68510,148,21768,2678,354223,3181931,,2678,354223,1184
1/30/2021,4108,521360,87,14531,16049,106799,0,18008,0,389717,13538980,0,0,389717,1739
1/30/2021,104,97562,0,1442,3112,22968,3,3778,142,95108,1344399,,142,95108,48
1/30/2021,1072,460819,19,6187,36321,107528,69,24269,1529,444782,6210344,,1529,444782,450
1/30/2021,14,51704,0,596,0,7674,0,1279,196,49981,634985,,196,49981,54
1/29/2021,2787,384217,48,3471,15167,60680,142,21620,2709,351545,3157187,,2709,351545,1247
1/29/2021,4464,435633,39,6942,19305,60974,149,17888,1623,193525,4147778,0,1623,193525,1986
1/29/2021,160,107955,5,1768,3331,26665,8,6272,232,103127,647736,,232,103127,152
1/29/2021,2186,272662,38,5983,9595,21354,0,8647,0,222812,1567150,,0,222812,999
1/29/2021,813,189597,4,1921,3352,37350,19,5775,1023,134492,2075362,,1023,134492,341
1/29/2021,260,51690,0,596,3478,7674,7,1279,193,49785,634985,,193,49785,54
1/29/2021,359,38813,3,570,4635,28255,6,1381,42,12379,1342556,0,42,12379,176
1/29/2021,3118,517252,96,14444,16779,96373,0,18008,0,389717,13395638,0,0,389717,1789
1/29/2021,1517,343962,35,1655,18334,40909,74,13353,3824,301462,2586391,0,3824,301462,533
1/29/2021,153,97458,0,1442,3609,20700,9,3775,129,94966,1341601,,129,94966,51
1/29/2021,312,93246,17,1227,3502,21007,14,4217,571,88291,942390,,571,88291,103
1/29/2021,580,64838,14,1036,3681,25055,8,1029,552,58414,1243827,,552,58414,214
1/29/2021,2601,358478,57,3668,15265,52251,142,16546,368,43052,3577417,0,368,43052,1505
1/29/2021,4908,722491,44,9461,15268,143592,0,16938,4768,676878,6277768,0,4768,676878,1960
1/29/2021,508,161720,7,1721,3602,18970,25,6629,954,80252,599636,,954,80252,241
1/29/2021,1707,292563,47,4831,12107,45918,47,13552,1881,270376,2407700,,1881,270376,951
1/29/2021,1880,350629,39,7076,20041,66582,145,31759,0,9482,6918308,,0,9482,1616
1/29/2021,4874,888590,64,11070,33354,125794,166,45952,6117,770597,8982880,,6117,770597,2706
1/29/2021,1079,172798,22,3248,8810,46878,83,11989,1530,101054,2306874,,1530,101054,538
1/29/2021,1114,459747,28,6168,24647,98634,74,24200,653,443253,6181070,,653,443253,450
1/29/2021,1804,589384,56,6390,36957,65354,91,24154,1950,513809,6124411,0,1950,513809,680
1/29/2021,2848,455582,226,7566,15264,44073,0,41483,0,242143,2127308,0,0,242143,1978
1/28/2021,1980,587580,32,6334,21173,57508,87,24063,1847,511859,6092912,0,1847,511859,710
1/28/2021,620,161212,26,1714,4516,16724,44,6604,1052,79298,597513,,1052,79298,241
1/28/2021,187,107795,24,1763,2140,24543,22,6264,264,102895,645559,,264,102895,161
1/28/2021,5432,883716,75,11006,26248,106035,256,45786,7477,764480,8921429,,7477,764480,2829
1/28/2021,2190,348749,41,7037,15293,56274,146,31614,3,9482,6865525,,3,9482,1636
1/28/2021,284,38454,5,567,2775,24925,9,1375,21,12337,1329799,0,21,12337,171
1/28/2021,62,51430,0,596,0,5419,2,1272,254,49592,625382,,254,49592,64
1/28/2021,672,171719,28,3226,4234,41669,82,11906,1482,99524,2285935,,1482,99524,556
1/28/2021,1804,270476,28,5945,9028,19475,0,8647,0,222812,1564964,,0,222812,1059
1/28/2021,2934,355877,69,3611,11817,43142,303,16404,759,42684,3560903,0,759,42684,1561
1/28/2021,662,188784,12,1917,2615,32380,27,5756,263,133469,2064234,,263,133469,343
1/28/2021,3938,431169,230,6903,27599,55183,159,17739,1566,191902,4099194,0,1566,191902,2086
1/28/2021,3648,452734,168,7340,8704,37431,0,41483,8932,242143,2116642,0,8932,242143,2052
1/28/2021,695,64258,16,1022,3811,21781,7,1021,519,57862,1234754,,519,57862,222
1/28/2021,403,92934,9,1210,2286,18149,26,4203,702,87720,936928,,702,87720,114
1/28/2021,2320,381430,35,3423,12150,52465,164,21478,2969,348836,3131910,,2969,348836,1250
1/28/2021,4631,514134,44,14348,15554,83637,0,18008,35329,389717,13309441,0,35329,389717,1878
1/28/2021,145,97305,1,1442,1491,18244,9,3766,109,94837,1337275,,109,94837,49
1/28/2021,1777,717583,101,9417,11574,123116,115,16938,4089,672110,6247215,0,4089,672110,2009
1/28/2021,1316,458633,16,6140,16762,87269,53,24126,860,442600,6138854,,860,442600,477
1/28/2021,1761,342445,0,1620,0,30065,62,13279,4608,297638,2573911,0,4608,297638,536
1/28/2021,1892,290856,42,4784,0,40910,58,13505,1989,268495,2394171,,1989,268495,996
1/27/2021,3320,509503,84,14304,14157,73152,452,18008,0,354388,13192478,0,0,354388,1930
1/27/2021,1559,585600,38,6302,13075,52332,93,23976,2252,510012,6050119,0,2252,510012,734
1/27/2021,1777,288964,52,4742,12630,40910,46,13447,2198,266506,2379938,,2198,266506,1029
1/27/2021,2415,352943,47,3542,5576,36054,99,16101,47,41925,3545049,0,47,41925,1597
1/27/2021,154,97160,1,1441,542,16952,5,3757,144,94728,1333029,,144,94728,49
1/27/2021,391,63563,12,1006,3396,18224,2,1014,595,57343,1224489,,595,57343,223
1/27/2021,371,92531,16,1201,2265,15397,36,4177,285,87018,927981,,285,87018,118
1/27/2021,827,457317,18,6124,11707,75844,59,24073,1144,441740,6096425,,1144,441740,477
1/27/2021,462,38170,4,562,2639,21707,9,1366,41,12316,1318249,0,41,12316,183
1/27/2021,1939,346559,33,6996,17331,48629,138,31468,2,9479,6819049,,2,9479,1647
1/27/2021,5366,878284,75,10931,29685,88834,254,45530,8871,757003,8872864,,8871,757003,2944
1/27/2021,2009,340684,7,1620,4627,30065,80,13217,3799,293030,2557878,0,3799,293030,537
1/27/2021,2074,268672,65,5917,6854,17499,0,8647,0,222812,1563160,,0,222812,1063
1/27/2021,751,171047,27,3198,4459,38292,124,11824,1383,98042,2271257,,1383,98042,586
1/27/2021,3177,449086,276,7172,8779,33595,168,41483,0,233211,2106035,0,0,233211,2122
1/27/2021,228,107608,34,1739,1019,21895,26,6242,384,102631,644138,,384,102631,161
1/27/2021,559,160592,7,1688,2373,15443,35,6560,895,78246,595187,,895,78246,241
1/27/2021,2686,379110,65,3388,11509,46596,221,21314,3170,345867,3115197,,3170,345867,1322
1/27/2021,3400,715806,154,9316,8873,112362,116,16823,5488,668021,6233246,0,5488,668021,2167
1/27/2021,216,51368,0,596,1565,5419,5,1270,70,49338,616677,,70,49338,70
1/27/2021,329,188122,11,1905,2906,24598,27,5729,711,133206,2052707,,711,133206,360
1/27/2021,3564,427231,95,6673,8029,49869,190,17580,1548,190336,4072097,0,1548,190336,2140
1/26/2021,1564,584041,65,6264,1610,48017,135,23883,1773,507760,6020539,0,1773,507760,746
1/26/2021,2250,423667,26,6578,9247,48157,55,17390,1365,188788,4048626,0,1365,188788,2173
1/26/2021,1411,338675,16,1613,1286,25817,83,13137,3379,289231,2545013,0,3379,289231,540
1/26/2021,2900,445909,234,6896,3390,30933,246,41315,0,233211,2097970,0,0,233211,2222
1/26/2021,707,456490,8,6106,13222,72622,82,24014,1313,440596,6080904,,1313,440596,496
1/26/2021,404,63172,4,994,743,15542,5,1012,597,56748,1215219,,597,56748,213
1/26/2021,662,37708,11,558,627,20096,15,1357,30,12275,1310677,0,30,12275,194
1/26/2021,200,107380,0,1705,62,18753,15,6216,450,102247,642553,,450,102247,152
1/26/2021,344,92160,34,1185,257,14245,13,4141,459,86733,922956,,459,86733,128
1/26/2021,2692,350528,35,3495,4105,30633,83,16002,118,41878,3534120,0,118,41878,1566
1/26/2021,2485,287187,40,4690,11269,37055,89,13401,2079,264308,2368680,,2079,264308,1095
1/26/2021,90,51152,25,596,183,4900,1,1265,260,49268,609573,,260,49268,71
1/26/2021,600,170296,14,3171,5049,35823,102,11700,811,96659,2262391,,811,96659,561
1/26/2021,1571,376424,30,3323,2120,41814,40,21093,3683,342697,3093132,,3683,342697,1454
1/26/2021,1452,266598,75,5852,953,16134,0,8647,0,222812,1561086,,0,222812,1023
1/26/2021,1979,712406,192,9162,3468,101657,147,16707,5502,662533,6207152,0,5502,662533,2166
1/26/2021,646,187793,15,1894,576,23065,20,5702,42,132495,2040787,,42,132495,373
1/26/2021,527,160033,12,1681,2285,14627,29,6525,959,77351,592647,,959,77351,169
1/26/2021,4262,872918,88,10856,19011,80329,295,45276,11481,748132,8850736,,11481,748132,2964
1/26/2021,2495,506183,42,14220,7955,65761,0,17556,0,354388,13096275,0,0,354388,1951
1/26/2021,1482,344620,63,6963,11712,42228,142,31330,1,9477,6784162,,1,9477,1642
1/26/2021,132,97006,4,1440,135,15742,7,3752,203,94584,1328400,,203,94584,48
1/25/2021,1100,582477,9,6199,5817,47409,56,23748,1749,505987,6003401,0,1749,505987,772
1/25/2021,293,187147,0,1879,812,22547,4,5682,625,132453,2026028,,625,132453,392
1/25/2021,181,159506,1,1669,3775,14419,15,6496,640,76392,590967,,640,76392,252
1/25/2021,57,96874,8,1436,1838,15680,4,3745,72,94381,1327227,,72,94381,50
1/25/2021,32,107180,0,1705,859,18504,8,6201,359,101797,641868,,359,101797,161
1/25/2021,3651,503688,45,14178,12256,64648,0,17556,0,354388,13046574,0,0,354388,1955
1/25/2021,431,62768,3,990,732,13907,7,1007,923,56151,1211251,,923,56151,230
1/25/2021,859,337264,2,1597,19857,25693,38,13054,2162,285852,2536306,0,2162,285852,528
1/25/2021,927,265146,5,5777,3208,16034,101,8647,15043,222812,1559634,,15043,222812,1028
1/25/2021,1250,347836,39,3460,7302,30010,30,15919,100,41760,3525107,0,100,41760,1539
1/25/2021,164,51062,0,571,347,4900,5,1264,437,49008,573868,,437,49008,66
1/25/2021,491,169696,12,3157,3894,35507,75,11598,1707,95848,2255066,,1707,95848,435
1/25/2021,4334,868656,57,10768,32891,76949,198,44981,5563,736651,8814234,,5563,736651,3037
1/25/2021,1839,443009,2,6662,6631,29978,555,41069,0,233211,2091011,0,0,233211,2285
1/25/2021,636,284702,44,4650,6256,33159,45,13312,2195,262229,2356534,,2195,262229,1084
1/25/2021,164,91816,0,1151,726,14111,3,4128,393,86274,920116,,393,86274,129
1/25/2021,794,455783,3,6098,21046,72266,48,23932,1456,439283,6071392,,1456,439283,543
1/25/2021,3092,421417,5,6552,24758,47563,46,17335,1175,187423,4021106,0,1175,187423,2201
1/25/2021,1763,374853,14,3293,3396,41634,33,21053,1786,339014,3065567,,1786,339014,1595
1/25/2021,1710,710427,111,8970,7360,99842,56,16560,2696,657031,6198623,0,2696,657031,2196
1/25/2021,448,37046,3,547,3527,19873,20,1342,20,12245,1305783,0,20,12245,193
1/25/2021,1686,343138,35,6900,10539,39259,154,31188,2,9476,6758236,,2,9476,1669
1/24/2021,1181,454989,32,6095,12918,67716,19,23884,1283,437827,6052223,,1283,437827,543
1/24/2021,3944,500037,69,14133,21588,63096,0,17556,0,354388,12967924,0,0,354388,1946
1/24/2021,1374,581377,6,6190,19152,45641,67,23692,1645,504238,5990470,0,1645,504238,761
1/24/2021,4536,418325,68,6547,26594,43810,125,17289,1706,186248,3985112,0,1706,186248,2189
1/24/2021,626,169205,30,3145,13672,34878,66,11523,1000,94141,2245108,,1000,94141,435
1/24/2021,4481,864322,31,10711,39944,71344,98,44783,6953,731088,8777871,,6953,731088,2993
1/24/2021,1728,441170,3,6660,19878,29736,0,40514,0,233211,2086555,0,0,233211,2254
1/24/2021,527,159325,1,1668,4132,14059,17,6481,711,75752,589629,,711,75752,252
1/24/2021,0,36598,0,544,5200,19151,0,1322,0,12225,1298301,0,0,12225,189
1/24/2021,242,91652,10,1151,3209,14071,13,4125,195,85881,911686,,195,85881,135
1/24/2021,315,50898,0,571,3122,4895,8,1259,255,48571,573868,,255,48571,65
1/24/2021,1071,284066,43,4606,11502,32572,17,13267,1551,260034,2347388,,1551,260034,1080
1/24/2021,97,96817,0,1428,2667,15589,2,3741,161,94309,1325891,,161,94309,49
1/24/2021,2145,341452,28,6865,27708,37507,168,31034,3,9474,6723502,,3,9474,1668
1/24/2021,185,107148,9,1705,2109,17293,16,6193,192,101438,640773,,192,101438,162
1/24/2021,1196,264219,20,5772,24605,15918,0,8546,0,207769,1520334,,0,207769,1102
1/24/2021,1516,336405,13,1595,0,20697,68,13016,1836,283690,2529796,0,1836,283690,523
1/24/2021,2941,373090,48,3279,15968,41289,171,21020,2585,337228,3063804,,2585,337228,1595
1/24/2021,761,62337,6,987,3333,13355,8,1000,584,55228,1205021,,584,55228,239
1/24/2021,599,186854,1,1879,6240,22175,8,5678,586,131828,2021416,,586,131828,390
1/24/2021,2841,708717,40,8859,18584,96619,23,16504,3052,654335,6184590,0,3052,654335,2269
1/24/2021,2018,346586,35,3421,24688,29346,34,15889,27,41660,3503064,0,27,41660,1540
1/23/2021,4641,496093,77,14064,15884,57869,0,17556,0,354388,12866597,0,0,354388,2055
1/23/2021,1540,453808,31,6063,16052,64768,98,23865,2029,436544,6024172,,2029,436544,543
1/23/2021,2012,580003,49,6184,20445,42229,89,23625,1908,502593,5967261,0,1908,502593,785
1/23/2021,3789,344568,49,3386,13747,25566,95,15855,71,41633,3503064,0,71,41633,1604
1/23/2021,3355,439442,171,6657,19638,27422,0,40514,0,233211,2078488,0,0,233211,2258
1/23/2021,324,36598,4,544,3917,17562,13,1322,38,12225,1282797,0,38,12225,185
1/23/2021,4157,370149,44,3231,15361,39290,157,20849,4165,334643,3060863,,4165,334643,1595
1/23/2021,5859,859841,81,10680,34987,59153,166,44685,3964,724135,8738557,,3964,724135,3117
1/23/2021,4029,705876,42,8819,11280,87376,59,16481,5139,651283,6158752,0,5139,651283,2396
1/23/2021,0,50583,0,571,2753,4773,0,1251,0,48316,573868,,0,48316,75
1/23/2021,247,106963,12,1696,4220,16164,18,6177,304,101246,638880,,304,101246,172
1/23/2021,909,186255,10,1878,4049,19646,23,5670,715,131242,1998438,,715,131242,414
1/23/2021,1856,263023,39,5752,0,13423,0,8546,0,207769,1519138,,0,207769,1102
1/23/2021,848,168579,38,3115,18753,33133,45,11457,1032,93141,2232240,,1032,93141,627
1/23/2021,625,61576,10,981,3630,13166,3,992,871,54644,1197947,,871,54644,229
1/23/2021,361,91410,37,1141,4836,13235,31,4112,591,85686,906753,,591,85686,141
1/23/2021,1771,334889,11,1582,0,20697,64,12948,1946,281854,2518969,0,1946,281854,548
1/23/2021,598,158798,13,1667,3997,13711,24,6464,772,75041,587827,,772,75041,252
1/23/2021,153,96720,0,1428,2473,14412,3,3739,168,94148,1323998,,168,94148,50
1/23/2021,1613,282995,14,4563,0,31600,120,13250,1787,258483,2338521,,1787,258483,1094
1/23/2021,4601,413789,75,6479,17493,40812,137,17164,1396,184542,3944118,0,1396,184542,2224
1/23/2021,2392,339307,45,6837,16680,34090,169,30866,2,9471,6678255,,2,9471,1717
1/22/2021,1506,452268,21,6032,10855,53940,91,23767,793,434515,5984932,,793,434515,558
1/22/2021,5272,491452,81,13987,11984,51662,0,17556,30185,354388,12754206,0,30185,354388,2098
1/22/2021,4278,853982,81,10599,44133,44761,204,44519,7307,720171,8682631,,7307,720171,3270
1/22/2021,908,167731,33,3077,7255,29278,72,11412,1013,92109,2214495,,1013,92109,624
1/22/2021,2162,281382,53,4549,22996,31600,75,13130,2620,256696,2327428,,2620,256696,1142
1/22/2021,400,91049,4,1104,4040,11878,32,4081,387,85095,899769,,387,85095,138
1/22/2021,4696,409188,31,6404,15264,38183,158,17027,1824,183146,3900531,0,1824,183146,2293
1/22/2021,197,96567,6,1428,2032,12428,4,3736,179,93980,1319901,,179,93980,53
1/22/2021,657,60951,9,971,2698,12575,7,989,645,53773,1187904,,645,53773,249
1/22/2021,636,36274,4,540,3060,14893,15,1309,59,12187,1276425,0,59,12187,190
1/22/2021,316,106716,11,1684,2231,13831,26,6159,304,100942,636973,,304,100942,177
1/22/2021,2946,365992,47,3187,17052,37435,187,20692,3343,330478,3040353,,3343,330478,1634
1/22/2021,2649,333118,24,1571,9030,20697,81,12884,3115,279908,2510554,0,3115,279908,549
1/22/2021,4064,701847,93,8777,11389,76162,78,16422,6700,646144,6128305,0,6700,646144,2514
1/22/2021,864,185346,6,1868,4721,18086,15,5647,919,130527,1988904,,919,130527,421
1/22/2021,2396,336915,57,6792,12771,30877,199,30697,10,9469,6630564,,10,9469,1768
1/22/2021,3551,436087,107,6486,29888,24840,237,40514,0,233211,2066351,0,0,233211,2408
1/22/2021,2303,577991,45,6135,16321,37901,91,23536,2317,500685,5937589,0,2317,500685,785
1/22/2021,612,158200,19,1654,3177,13075,34,6440,752,74269,585359,,752,74269,286
1/22/2021,2050,261167,45,5713,11971,13423,0,8546,0,207769,1517282,,0,207769,1128
1/22/2021,159,50583,21,571,4152,4515,3,1251,352,48316,573868,,352,48316,75
1/22/2021,2745,340779,36,3337,12036,22568,68,15760,93,41562,3484786,0,93,41562,1561
1/21/2021,3713,338034,58,3301,9173,15699,130,15692,229,41469,3461098,0,229,41469,1604
1/21/2021,857,60294,12,962,2915,10319,6,982,877,53128,1179465,,877,53128,240
1/21/2021,4649,404492,45,6373,13388,34277,180,16869,1690,181322,3862267,0,1690,181322,2345
1/21/2021,394,90649,6,1100,2327,9962,27,4049,453,84708,892770,,453,84708,137
1/21/2021,300,50424,0,550,0,3441,8,1248,271,47964,573868,,271,47964,84
1/21/2021,810,157588,-2,1635,2790,11760,36,6406,806,73517,583441,,806,73517,286
1/21/2021,3106,279220,55,4496,0,26541,73,13055,2824,254076,2315535,,2824,254076,1160
1/21/2021,2686,363046,55,3140,13212,34706,210,20505,3895,327135,3016648,,3895,327135,1722
1/21/2021,1270,450762,32,6011,3240,46008,68,23676,984,433722,5945782,,984,433722,558
1/21/2021,988,166823,35,3044,6828,27014,60,11340,1340,91096,2198850,,1340,91096,644
1/21/2021,5140,486180,77,13906,18437,46247,0,17556,0,324203,12648438,0,0,324203,2152
1/21/2021,2166,334519,46,6735,10007,28106,171,30498,2,9459,6578575,,2,9459,1812
1/21/2021,675,35638,6,536,2873,12071,7,1294,26,12128,1266441,0,26,12128,182
1/21/2021,337,106400,6,1673,1983,10796,24,6133,345,100638,634822,,345,100638,185
1/21/2021,148,96370,13,1422,636,9881,9,3732,143,93801,1315777,,143,93801,54
1/21/2021,2569,575688,55,6090,11285,32268,82,23445,2071,498368,5897305,0,2071,498368,808
1/21/2021,2290,259117,30,5668,12406,11567,0,8546,0,207769,1515232,,0,207769,1212
1/21/2021,7271,849704,109,10518,0,30910,306,44315,8819,712864,8622872,,8819,712864,3406
1/21/2021,2089,330469,30,1547,6520,17275,74,12803,4680,276793,2498162,0,4680,276793,590
1/21/2021,2881,432536,96,6379,23316,21345,349,40277,0,233211,2058224,0,0,233211,2478
1/21/2021,1164,184482,12,1862,3810,16206,42,5632,2387,129608,1966167,,2387,129608,433
1/21/2021,3492,697783,128,8684,7374,61743,111,16344,6016,639444,6101159,0,6016,639444,2673
1/20/2021,1986,360360,48,3085,8003,32308,200,20295,4039,323240,3013962,,4039,323240,1722
1/20/2021,1851,573119,62,6035,5317,27312,119,23363,2268,496297,5861531,0,2268,496297,834
1/20/2021,5525,399843,69,6328,4970,30679,178,16689,1894,179632,3823586,0,1894,179632,2386
1/20/2021,3112,429655,157,6283,6794,17956,424,39928,11250,233211,2050637,0,11250,233211,2522
1/20/2021,2520,276114,55,4441,26029,26541,131,12982,3014,251252,2302494,,3014,251252,1179
1/20/2021,1702,256827,64,5638,8579,9979,0,8546,0,207769,1512942,,0,207769,1231
1/20/2021,1224,449492,34,5979,744,42384,91,23608,1642,432738,5910354,,1642,432738,570
1/20/2021,391,90255,1,1094,877,9121,30,4022,430,84255,887884,,430,84255,159
1/20/2021,6378,842433,73,10409,11612,30910,404,44009,9140,704045,8576460,,9140,704045,3566
1/20/2021,701,34963,11,530,1544,10661,18,1287,31,12102,1249865,0,31,12102,198
1/20/2021,4514,481040,80,13829,10597,42062,447,17556,0,324203,12536712,0,0,324203,2209
1/20/2021,4483,694291,86,8556,3520,52051,99,16233,9122,633428,6078484,0,9122,633428,2813
1/20/2021,2167,332353,39,6689,7987,24355,170,30327,1,9457,6541052,,1,9457,1858
1/20/2021,2159,328380,10,1517,15758,16272,84,12729,2626,272113,2485476,0,2626,272113,604
1/20/2021,1224,156778,30,1637,4719,10738,63,6370,1337,72711,581299,,1337,72711,266
1/20/2021,881,165835,34,3009,3678,24706,70,11280,774,89756,2185009,,774,89756,605
1/20/2021,900,183318,8,1850,1986,14463,0,5590,0,127221,1944011,,0,127221,438
1/20/2021,277,106063,0,1667,1260,9922,17,6109,406,100293,632612,,406,100293,195
1/20/2021,3414,334321,49,3243,6976,13829,121,15562,231,41240,3451200,0,231,41240,1678
1/20/2021,151,96222,1,1409,734,8954,4,3723,207,93658,1311137,,207,93658,55
1/20/2021,728,59437,12,950,2964,8013,5,976,606,52251,1169547,,606,52251,254
1/20/2021,202,50124,0,550,1053,3441,4,1240,110,47693,567450,,110,47693,81
1/19/2021,137,96071,13,1408,9110,8641,9,3719,278,93451,1307962,,278,93451,88
1/19/2021,4989,836055,55,10336,82994,27139,254,43605,10833,694905,8554113,,10833,694905,3643
1/19/2021,127,105786,0,1667,3899,9777,10,6092,508,99887,631474,,508,99887,200
1/19/2021,1331,273594,43,4386,20934,21734,95,12851,3142,248238,2288594,,3142,248238,1265
1/19/2021,3085,476526,44,13749,55503,41053,0,17109,0,324203,12454145,0,0,324203,2213
1/19/2021,1302,326221,7,1507,29552,15367,69,12645,2735,269487,2472897,0,2735,269487,638
1/19/2021,214,49922,28,550,4857,3242,4,1236,675,47583,563037,,675,47583,88
1/19/2021,2515,426543,5,6126,27363,16346,0,39504,0,221961,2041107,0,0,221961,2724
1/19/2021,2854,394318,11,6259,53826,30243,37,16511,1609,177738,3772941,0,1609,177738,2353
1/19/2021,288,89864,0,1093,6049,8671,18,3992,298,83825,883672,,298,83825,163
1/19/2021,1972,330186,54,6650,46625,21794,315,30157,1,9456,6510156,,1,9456,1875
1/19/2021,440,182418,5,1842,11320,13860,15,5590,717,127221,1944011,,717,127221,429
1/19/2021,2239,330907,27,3194,38955,12911,94,15441,248,41009,3440622,0,248,41009,1633
1/19/2021,386,34262,5,519,11085,10018,15,1269,32,12071,1240789,0,32,12071,191
1/19/2021,1933,571268,47,5973,36757,23641,114,23244,2067,494029,5832709,0,2067,494029,865
1/19/2021,919,448268,6,5945,38845,42116,89,23517,1771,431096,5895901,,1771,431096,584
1/19/2021,1193,255125,50,5574,28061,9545,0,8546,0,207769,1511240,,0,207769,1280
1/19/2021,0,155554,0,1607,15963,10165,0,6307,0,71374,577938,,0,71374,345
1/19/2021,845,58709,5,938,7605,7120,14,971,1158,51645,1158106,,1158,51645,254
1/19/2021,691,164954,17,2975,32278,23236,35,11210,1480,88982,2175023,,1480,88982,643
1/19/2021,1558,358374,43,3037,36525,30919,32,20095,4965,319201,3000449,,4965,319201,1776
1/19/2021,2057,689808,40,8470,37348,48867,73,16134,9586,624306,6056533,0,9586,624306,2775
1/15/2021,2543,320102,12,1472,10671,10534,102,12351,2528,263256,2436305,0,2528,263256,635
1/15/2021,5525,459927,76,13509,17628,34885,0,17109,0,324203,12147366,0,0,324203,2201
1/15/2021,932,180131,15,1818,5655,13050,19,5539,999,124233,1894614,,999,124233,465
1/15/2021,722,55500,11,908,3017,5700,9,953,865,48018,1130805,,865,48018,255
1/15/2021,221,95599,23,1395,3213,7555,10,3699,302,92551,1298741,,302,92551,88
1/15/2021,2945,417528,85,6030,6476,13488,313,38763,0,221961,2012213,0,0,221961,2863
1/15/2021,2342,248189,55,5411,11231,8396,0,8425,0,198888,1471115,,0,198888,1407
1/15/2021,2706,563866,42,5770,15546,17108,119,22923,2488,485157,5745570,0,2488,485157,998
1/15/2021,994,153358,27,1591,2467,8843,47,6225,803,69460,571813,,803,69460,338
1/15/2021,1262,161805,38,2874,6744,18711,58,11005,1206,84015,2127494,,1206,84015,670
1/15/2021,2924,320739,45,6494,13513,15830,162,29285,1,9444,6352475,,1,9444,1848
1/15/2021,5557,676039,79,8311,25969,37800,120,15873,6055,602938,5972373,0,6055,602938,3034
1/15/2021,3124,267635,35,4263,7490,18781,95,12598,2216,237729,2248612,,2216,237729,1314
1/15/2021,425,104937,15,1629,2668,9666,25,6023,406,98576,625111,,406,98576,227
1/15/2021,7149,814442,67,10057,22857,13552,316,42807,5592,669448,8368521,,5592,669448,3793
1/15/2021,208,48909,0,522,2621,2803,4,1211,375,46502,549805,,375,46502,89
1/15/2021,3925,321270,19,3061,17413,10672,80,15102,102,40100,3392110,0,102,40100,1644
1/15/2021,3538,348044,43,2925,13127,28917,156,19616,3398,306874,2937452,,3398,306874,1847
1/15/2021,1627,443562,33,5850,8766,27799,72,23185,1370,422289,5808350,,1370,422289,612
1/15/2021,823,32781,16,477,0,8274,11,1228,36,11876,1209067,0,36,11876,193
1/15/2021,525,88635,9,1086,2057,8193,23,3940,270,82460,869564,,270,82460,188
1/15/2021,4787,375967,103,6037,5491,19477,195,16135,1467,171539,3609752,0,1467,171539,2424
1/13/2021,4553,313282,47,2991,8932,7725,154,14892,523,39723,3366855,0,523,39723,1702
1/13/2021,3907,341364,44,2848,9741,22278,247,19199,4746,299375,2889390,,4746,299375,1856
1/13/2021,6021,365378,51,5911,10542,12213,142,15848,1716,168440,3535436,0,1716,168440,2466
1/13/2021,5188,314817,27,1449,7397,6021,101,12160,4409,257824,2406992,0,4409,257824,612
1/13/2021,1487,440354,50,5774,2487,10426,87,23018,529,419139,5733978,,529,419139,665
1/13/2021,1145,159119,13,2807,2529,12426,57,10872,1023,81603,2124990,,1023,81603,702
1/13/2021,5918,448447,86,13359,7635,24789,506,17109,0,293522,11944985,0,0,293522,2200
1/13/2021,2516,314867,37,6404,25774,12706,126,28986,5,9439,6254353,,5,9439,1929
1/13/2021,824,31150,4,453,1112,5182,12,1201,41,11809,1185886,0,41,11809,207
1/13/2021,1942,243899,31,5315,5855,5722,0,8425,0,198888,1466825,,0,198888,1446
1/13/2021,217,48289,0,522,829,2559,5,1197,681,45904,537679,,681,45904,82
1/13/2021,576,87653,2,1069,999,6823,20,3903,493,81676,855069,,493,81676,199
1/13/2021,2771,558020,46,5679,0,11343,122,22705,2652,480112,5674434,0,2652,480112,988
1/13/2021,2467,262020,65,4186,41101,12849,101,12414,3009,232709,2219424,,3009,232709,1362
1/13/2021,3147,410995,187,5760,3931,9245,642,38229,0,211684,1989724,0,0,211684,2975
1/13/2021,977,54125,7,885,1107,9,5,942,602,46633,1112047,,602,46633,275
1/13/2021,4625,665499,137,8148,7158,24026,145,15655,9629,588974,5915239,0,9629,588974,3193
1/13/2021,167,95135,1,1364,669,6395,16,3683,179,92029,1287521,,179,92029,72
1/13/2021,1000,177670,19,1791,3189,10529,22,5497,-1864,120700,1874707,,-1864,120700,457
1/13/2021,1034,151273,12,1556,1672,5653,49,6128,837,67633,566225,,837,67633,283
1/13/2021,452,104195,19,1604,1467,7921,35,5978,422,97829,620320,,422,97829,253
